{
	"config": {
		"id": "ID222",
		"type": "ZW-1",
		"numberOfPresentedAnswers": 4,
		"numberOfCorrectAnswerInSet": 2,
		"randomize": true,
		"answerSets": false
	},
	"description": {
		"title": "Zadanie wielokrotnego wyboru. [ZW-1]",
		"author": "Uniwersytet Przyrodniczy",
		"content": "Zaznacz nazwy dwóch organizmów samożywnych.",
		"wrongFeedback": "Niestety, nie udało Ci się poprawnie wykonać zadania. Czy chcesz zobaczyć podpowiedź?",
		"correctFeedback": "Dobrze! To jest poprawna odpowiedź.",
		"hint": "Organizmami samożywnymi są rośliny zielone."
	},
	"answers": [
		{
			"id": "1",
			"content": "Paproć",
			"correct": true
		},
		{
			"id": "2",
			"content": "Muchomor",
			"correct": false	
		},
		{
			"id": "3",
			"content": "Sarna",
			"correct": false
		},
		{
			"id": "4",
			"content": "Jodła",
			"correct": true
		},
		{
			"id": "5",
			"content": "Pszenica",
			"correct": true
		},
		{
			"id": "6",
			"content": "Ślimak",
			"correct": false
		},
		{
			"id": "7",
			"content": "Słonecznik",
			"correct": true
		},
		{
			"id": "8",
			"content": "Pchła",
			"correct": false
		}
	]
}