{
	"config": {
		"id": "ID789",
		"type": "UT-1",
		"strictMode": true 
	},
	"description": {
		"title": "Zadanie z uzupełnianiem [UT-1].",
		"author": "PCSS",
		"content": "Uzupełnij pola.",
		"wrongFeedback": "Niestety, nie udało Ci się poprawnie wykonać zadania. Czy chcesz zobaczyć podpowiedź?",
		"correctFeedback": "Dobrze! To jest poprawna odpowiedź.",
		"hint": "Treść podpowiedzi."
	},
	"body": [
		{
			"id": "q1",
			"preInputText": "Czwartego Lipca, w ",
			"postInputText": "",
			"answersId": ["a1"],
			"inputAlt": "",
			"placeholder": "Kraj",
			"lineBreak": false
		},
		{	
			"id": "q2",
			"preInputText": "ludzie obchodzą Dzień",
			"postInputText": "od 1777r.",
			"answersId": ["a2","a3"],
			"inputAlt": "",
			"placeholder": "",
			"lineBreak": false
		}
	],
	"answers": [
		{
			"id": "a1",
			"content": "USA",
			"correct": true
		},
		{
			"id": "a2",
			"content": "Niepodległości",
			"correct": true
		},
        {
            "id": "a3",
            "content": "Cwela",
            "correct": true
        }
	]
}
