{
	"config": {
		"id": "ID2002",
		"type": "TMW-1"
	},
	"description": {
		"title": "Zadanie Tabela Macierz Wielokrotnego Wyboru.",
		"author": "PCSS",
		"content": "Wypełnij tabelę.",
		"wrongFeedback": "Niestety, nie udało Ci się poprawnie wykonać zadania. Czy chcesz zobaczyć podpowiedź?",
		"correctFeedback": "Dobrze! To jest poprawna odpowiedź.",
		"hint": "Podpowiedź."
	},
    "answers": [
        {
            "id": "b1",
            "content": "Dużo"
        },
        {
            "id": "b2",
            "content": "Średnio"
        },
        {
            "id": "b3",
            "content": "Mało"
        }
    ],
    "questions": [
        {
            "id": "a1",
            "content": "Pół kilo ryżu",
            "correct": "b2"
        },
        {
            "id": "a2",
            "content": "Dwa kilo grzybów suszonych",
            "correct": "b1"
        },
        {
            "id": "a3",
            "content": "1g pierza",
            "correct": "b3"
        }
    ]
}

