{
	"config": {
		"id": "ID222",
		"type": "ZW-2",
		"numberOfPresentedAnswers": 3,
		"numberOfCorrectAnswerInSet": 1,
		"randomize": false,
		"answerSets": false
	},
	"description": {
		"title": "Zadanie wielokrotnego wyboru. [ZW-2]",
		"author": "PCSS",
		"content": "Wybierz prada/fałsz.",
		"wrongFeedback": "Niestety, nie udało Ci się poprawnie wykonać zadania. Czy chcesz zobaczyć podpowiedź?",
		"correctFeedback": "Dobrze! To jest poprawna odpowiedź.",
		"hint": "Treść podpowiedzi."
	},
	"answers": [
		{
			"id": "1",
			"content": "Stolią Polski jest Gniezno",
			"correct": false
		},
		{
			"id": "2",
			"content": "Wyraz kot składa się z trzech liter",
			"correct": true
		},
		{
			"id": "3",
			"content": "Sarna jest gadem",
			"correct": false
		}
		
	]
}
