{
	"config": {
		"id": "ID888",
		"type": "ZJ-1",
		"numberOfPresentedAnswers": 3,
		"numberOfCorrectAnswerInSet": 1,
		"randomize": false,
		"answerSets": true
	},
	"description": {
		"title": "Niepasująca odpowiedź [ZJ-1, answerSets].",
		"author": "PCSS",
		"content": "Zaznacz odpowiedź nie pasującą do reszty. Odpowiedzi wyświetlane są wg. zestawów.",
		"wrongFeedback": "Niestety, nie udało Ci się poprawnie wykonać zadania. Czy chcesz zobaczyć podpowiedź?",
		"correctFeedback": "Dobrze! To jest poprawna odpowiedź.",
		"hint": "To jest ogólna podpwiedź do zadania z setami."
	},
	"answers": [
		{
			"id": "1",
			"content": "Latawiec",
			"correct": true,
			"set": 1
		},
		{
			"id": "2",
			"content": "Tramwaj",
			"correct": false	,
			"set": 1
		},
		{
			"id": "3",
			"content": "Pociąg",
			"correct": false,
			"set": 1
		},
		{
			"id": "4",
			"content": "Krzesło",
			"correct": true,
			"set": 2
		},
		{
			"id": "5",
			"content": "Tęcza",
			"correct": true,
			"set": 2
		},
		{
			"id": "6",
			"content": "Chmura",
			"correct": false,
			"set": 2
		},
		{
			"id": "7",
			"content": "Telewizor",
			"correct": true,
			"set": 3
		},
		{
			"id": "8",
			"content": "Szum",
			"correct": false,
			"set": 3
		},
		{
			"id": "9",
			"content": "Śpiew",
			"correct": false,
			"set": 3
		}
	]
}
