{
	"config": {
		"id": "ID881",
		"type": "DGD-1",
        "coordinates": {
            "top.left": [14.25, 54.82],
            "bottom.right": [24.3, 49]
        },
        "background": ["img/kontur.png"]
	},
	"description": {
		"title": "Zadanie z dopasowywaniem do obrazka [DGD-1]",
		"author": "PCSS",
		"content": "Dopasuj.",
		"wrongFeedback": "Niestety, nie udało Ci się poprawnie wykonać zadania. Czy chcesz zobaczyć podpowiedź?",
		"correctFeedback": "Dobrze! To jest poprawna odpowiedź.",
		"hint": "Treść podpowiedzi."
	},
	"body": [
		{
			"id": "b1",
			"correct": ["a1"],
            "color": "#F5A623",
            "position": [16.94, 52.39]
		},
		{
			"id": "b2",
			"correct": ["a2"],
            "color": "#B8E986",
            "position": [17.07, 51.10]
		},
		{
			"id": "b3",
			"correct": ["a3"],
            "color": "#4A90E2",
            "position": [19.95, 50.09]
		},
		{
			"id": "b4",
			"correct": ["a4"],
            "color": "#313CA3",
            "position": [23.25, 50.72]
		}
		
	],
    "answers": [
        {
            "id": "a1",
            "content": "Poznań",
            "numberOfElem": "inf"
        },
        {
            "id": "a2",
            "content": "Wrocław"
        },
        {
            "id": "a3",
            "content": "Kraków"
        },
        {
            "id": "a4",
            "content": "Zamość"
        }
    ]
}
