[{"pk": 1, "model": "common.author", "fields": {"md_full_name": "Jacek Sta\u0144do", "md_email": "jacek.stando@p.lodz.pl", "md_surname": "Sta\u0144do", "md_institution": "", "md_first_name": "Jacek"}}, {"pk": 2, "model": "common.author", "fields": {"md_full_name": "Kinga Ga\u0142\u0105zka", "md_email": "kinga.galazka@p.lodz.pl", "md_surname": "Ga\u0142\u0105zka", "md_institution": "", "md_first_name": "Kinga"}}, {"pk": 3, "model": "common.author", "fields": {"md_full_name": "Alina Saganiak", "md_email": "alina.saganiak@p.lodz.pl", "md_surname": "Saganiak", "md_institution": "", "md_first_name": "Alina"}}, {"pk": 4, "model": "common.author", "fields": {"md_full_name": "Jolanta Schilling", "md_email": "jolanta.schilling@p.lodz.pl", "md_surname": "Schilling", "md_institution": "", "md_first_name": "Jolanta"}}, {"pk": 5, "model": "common.author", "fields": {"md_full_name": "Katarzyna Szczepaniak", "md_email": "katarzyna.szczepaniak.1@p.lodz.pl", "md_surname": "Szczepaniak", "md_institution": "", "md_first_name": "Katarzyna"}}, {"pk": 6, "model": "common.author", "fields": {"md_full_name": "Bo\u017cenna Szkopi\u0144ska", "md_email": "bozena.szkopinska@p.lodz.pl", "md_surname": "Szkopi\u0144ska", "md_institution": "", "md_first_name": "Bo\u017cenna"}}, {"pk": 7, "model": "common.author", "fields": {"md_full_name": "Dorota Krawczyk - Sta\u0144do", "md_email": "krawczyk@p.lodz.pl", "md_surname": "Sta\u0144do", "md_institution": "", "md_first_name": "Dorota Krawczyk -"}}, {"pk": 8, "model": "common.author", "fields": {"md_full_name": "Grzegorz Kusztelak", "md_email": "gkusztelak@p.lodz.pl", "md_surname": "Kusztelak", "md_institution": "", "md_first_name": "Grzegorz"}}, {"pk": 9, "model": "common.author", "fields": {"md_full_name": "Witold Walas", "md_email": "witold.walas@p.lodz.pl", "md_surname": "Walas", "md_institution": "", "md_first_name": "Witold"}}, {"pk": 10, "model": "common.author", "fields": {"md_full_name": "Henryk D\u0105browski", "md_email": "henryk.dabrowski@.lodz.pl", "md_surname": "D\u0105browski", "md_institution": "", "md_first_name": "Henryk"}}, {"pk": 11, "model": "common.author", "fields": {"md_full_name": "Adam Depta", "md_email": "plda@interia.pl", "md_surname": "Depta", "md_institution": "", "md_first_name": "Adam"}}, {"pk": 12, "model": "common.author", "fields": {"md_full_name": "Hanna Drabik - Zalewska", "md_email": "hanna.drabik@gmail.com", "md_surname": "Zalewska", "md_institution": "", "md_first_name": "Hanna Drabik -"}}, {"pk": 13, "model": "common.author", "fields": {"md_full_name": "Gertruda Gw\u00f3\u017ad\u017a - \u0141ukawska", "md_email": "gertruda@p.lodz.pl", "md_surname": "\u0141ukawska", "md_institution": "", "md_first_name": "Gertruda Gw\u00f3\u017ad\u017a -"}}, {"pk": 14, "model": "common.author", "fields": {"md_full_name": "Andrzej Just", "md_email": "ajust@p.lodz.pl", "md_surname": "Just", "md_institution": "", "md_first_name": "Andrzej"}}, {"pk": 15, "model": "common.author", "fields": {"md_full_name": "Krzysztof Kisiel", "md_email": "krzysztof.kisiel@p.lodz.pl", "md_surname": "Kisiel", "md_institution": "", "md_first_name": "Krzysztof"}}, {"pk": 16, "model": "common.author", "fields": {"md_full_name": "Dominik K\u0142ys", "md_email": "dominik.k\u0142ys@p.lodz.pl", "md_surname": "K\u0142ys", "md_institution": "", "md_first_name": "Dominik"}}, {"pk": 17, "model": "common.author", "fields": {"md_full_name": "Iwona Krawczyk-K\u0142ys", "md_email": "iwona.krawczyk-klys@p.lodz.pl", "md_surname": "Krawczyk-K\u0142ys", "md_institution": "", "md_first_name": "Iwona"}}, {"pk": 18, "model": "common.author", "fields": {"md_full_name": "Jacek Kucharski", "md_email": "jkuch@p.lodz.pl", "md_surname": "Kucharski", "md_institution": "", "md_first_name": "Jacek"}}, {"pk": 19, "model": "common.author", "fields": {"md_full_name": "Renata Kusztelak", "md_email": "renata.kusztelak@p.lodz.pl", "md_surname": "Kusztelak", "md_institution": "", "md_first_name": "Renata"}}, {"pk": 20, "model": "common.author", "fields": {"md_full_name": "Pawe\u0142 Kwiatkowski", "md_email": "pawel.kwiatkowski@p.lodz.pl", "md_surname": "Kwiatkowski", "md_institution": "", "md_first_name": "Pawe\u0142"}}, {"pk": 21, "model": "common.author", "fields": {"md_full_name": "Alicja Laskowska", "md_email": "alicja.laskowska@p.lodz.pl", "md_surname": "Laskowska", "md_institution": "", "md_first_name": "Alicja"}}, {"pk": 22, "model": "common.author", "fields": {"md_full_name": "Piotr Mazur", "md_email": "pmaz@dmcs.pl", "md_surname": "Mazur", "md_institution": "", "md_first_name": "Piotr"}}, {"pk": 23, "model": "common.author", "fields": {"md_full_name": "Jan Omieci\u0144ski", "md_email": "jan.omiecinski@p.lodz.pl", "md_surname": "Omieci\u0144ski", "md_institution": "", "md_first_name": "Jan"}}, {"pk": 24, "model": "common.author", "fields": {"md_full_name": "Bronis\u0142aw Pabich", "md_email": "bronis\u0142aw.pabich@p.lodz.pl", "md_surname": "Pabich", "md_institution": "", "md_first_name": "Bronis\u0142aw"}}, {"pk": 25, "model": "common.author", "fields": {"md_full_name": "Dorota Palka - Rutkowska", "md_email": "dorota.palka-rutkowska@p.lodz.pl", "md_surname": "Rutkowska", "md_institution": "", "md_first_name": "Dorota Palka -"}}, {"pk": 26, "model": "common.author", "fields": {"md_full_name": "Iwona Pecyna", "md_email": "iwona.pecyna@p.lodz.pl", "md_surname": "Pecyna", "md_institution": "", "md_first_name": "Iwona"}}, {"pk": 27, "model": "common.author", "fields": {"md_full_name": "Marek Pisarski", "md_email": "marek.pisarski@p.lodz.pl", "md_surname": "Pisarski", "md_institution": "", "md_first_name": "Marek"}}, {"pk": 28, "model": "common.author", "fields": {"md_full_name": "Bartosz Sakowicz", "md_email": "sakowicz@dmcs.pl", "md_surname": "Sakowicz", "md_institution": "", "md_first_name": "Bartosz"}}, {"pk": 29, "model": "common.author", "fields": {"md_full_name": "Izabela Sakwa", "md_email": "izabela.sakwa@p.lodz.pl", "md_surname": "Sakwa", "md_institution": "", "md_first_name": "Izabela"}}, {"pk": 30, "model": "common.author", "fields": {"md_full_name": "S\u0142awomir Sapanowski", "md_email": "slawomir.sapanowski@p.lodz.pl", "md_surname": "Sapanowski", "md_institution": "", "md_first_name": "S\u0142awomir"}}, {"pk": 31, "model": "common.author", "fields": {"md_full_name": "Marzena S\u0142awi\u0144ska", "md_email": "marzena.slawinska@p.lodz.pl", "md_surname": "S\u0142awi\u0144ska", "md_institution": "", "md_first_name": "Marzena"}}, {"pk": 32, "model": "common.author", "fields": {"md_full_name": "Iwona Staniec", "md_email": "istan@p.lodz.pl", "md_surname": "Staniec", "md_institution": "", "md_first_name": "Iwona"}}, {"pk": 33, "model": "common.author", "fields": {"md_full_name": "Aneta Stasiak", "md_email": "aneta.stasiak@p.lodz.pl", "md_surname": "Stasiak", "md_institution": "", "md_first_name": "Aneta"}}, {"pk": 34, "model": "common.author", "fields": {"md_full_name": "Renata Wojtu\u015b", "md_email": "renata.wojtus@p.lodz.pl", "md_surname": "Wojtu\u015b", "md_institution": "", "md_first_name": "Renata"}}, {"pk": 35, "model": "common.author", "fields": {"md_full_name": "Agnieszka Zaj\u0105czkowska", "md_email": "agnieszka.zajaczkowska@p.lodz.pl", "md_surname": "Zaj\u0105czkowska", "md_institution": "", "md_first_name": "Agnieszka"}}, {"pk": 36, "model": "common.author", "fields": {"md_full_name": "Izabella \u017b\u00f3\u0142taszek", "md_email": "izabella.zoltaszek@p.lodz.pl", "md_surname": "\u017b\u00f3\u0142taszek", "md_institution": "", "md_first_name": "Izabella"}}, {"pk": 37, "model": "common.author", "fields": {"md_full_name": "Katarzyna Szablewska", "md_email": "katarzyna.szablewska@p.lodz.pl", "md_surname": "Szablewska", "md_institution": "", "md_first_name": "Katarzyna"}}, {"pk": 38, "model": "common.author", "fields": {"md_full_name": "Kinga Antonijczuk", "md_email": "kinga.antonijczuk@p.lodz.pl", "md_surname": "Antonijczuk", "md_institution": "", "md_first_name": "Kinga"}}, {"pk": 39, "model": "common.author", "fields": {"md_full_name": "Dorota Krawczyk - Sta\u0144do", "md_email": "krawczyk@p.lodz.pl", "md_surname": "Krawczyk - Sta\u0144do", "md_institution": "", "md_first_name": "Dorota"}}, {"pk": 40, "model": "common.author", "fields": {"md_full_name": "Hanna Drabik - Zalewska", "md_email": "hanna.drabik@gmail.com", "md_surname": "Drabik - Zalewska", "md_institution": "", "md_first_name": "Hanna"}}, {"pk": 41, "model": "common.author", "fields": {"md_full_name": "Gertruda Gw\u00f3\u017ad\u017a - \u0141ukawska", "md_email": "gertruda@p.lodz.pl", "md_surname": "Gw\u00f3\u017ad\u017a - \u0141ukawska", "md_institution": "", "md_first_name": "Gertruda"}}, {"pk": 42, "model": "common.author", "fields": {"md_full_name": "Dorota Palka - Rutkowska", "md_email": "dorota.palka-rutkowska@p.lodz.pl", "md_surname": "Palka - Rutkowska", "md_institution": "", "md_first_name": "Dorota"}}, {"pk": 43, "model": "common.author", "fields": {"md_full_name": "Marzena  S\u0142awi\u0144ska", "md_email": "marzena.slawinska@p.lodz.pl", "md_surname": "S\u0142awi\u0144ska", "md_institution": "", "md_first_name": "Marzena "}}, {"pk": 44, "model": "common.author", "fields": {"md_full_name": "Jolanta Piekarska", "md_email": "jolanta.piekarska@p.lodz.pl", "md_surname": "Piekarska", "md_institution": "", "md_first_name": "Jolanta"}}, {"pk": 45, "model": "common.author", "fields": {"md_full_name": "Alicja Kasi\u0144ska", "md_email": "alicja.kasinska@up.wroc.pl", "md_surname": "Kasi\u0144ska", "md_institution": "", "md_first_name": "Alicja"}}, {"pk": 1, "model": "common.schoollevel", "fields": {"ep_class": 1, "md_education_level": "I"}}, {"pk": 2, "model": "common.schoollevel", "fields": {"ep_class": 2, "md_education_level": "I"}}, {"pk": 3, "model": "common.schoollevel", "fields": {"ep_class": 3, "md_education_level": "I"}}, {"pk": 4, "model": "common.schoollevel", "fields": {"ep_class": 4, "md_education_level": "II"}}, {"pk": 5, "model": "common.schoollevel", "fields": {"ep_class": 5, "md_education_level": "II"}}, {"pk": 6, "model": "common.schoollevel", "fields": {"ep_class": 6, "md_education_level": "II"}}, {"pk": 7, "model": "common.schoollevel", "fields": {"ep_class": 1, "md_education_level": "III"}}, {"pk": 8, "model": "common.schoollevel", "fields": {"ep_class": 2, "md_education_level": "III"}}, {"pk": 9, "model": "common.schoollevel", "fields": {"ep_class": 3, "md_education_level": "III"}}, {"pk": 10, "model": "common.schoollevel", "fields": {"ep_class": 1, "md_education_level": "IV"}}, {"pk": 11, "model": "common.schoollevel", "fields": {"ep_class": 2, "md_education_level": "IV"}}, {"pk": 12, "model": "common.schoollevel", "fields": {"ep_class": 3, "md_education_level": "IV"}}, {"pk": 13, "model": "common.schoollevel", "fields": {"ep_class": 4, "md_education_level": "IV"}}, {"pk": 1, "model": "common.subject", "fields": {"md_name": "Matematyka"}}, {"pk": 2, "model": "common.subject", "fields": {"md_name": "Fizyka"}}, {"pk": 3, "model": "common.subject", "fields": {"md_name": "Informatyka"}}, {"pk": 4, "model": "common.subject", "fields": {"md_name": "Zaj\u0119cia komputerowe"}}, {"pk": 5, "model": "common.subject", "fields": {"md_name": "J\u0119zyk polski"}}, {"pk": 6, "model": "common.subject", "fields": {"md_name": "Chemia"}}, {"pk": 7, "model": "common.subject", "fields": {"md_name": "Biologia"}}, {"pk": 8, "model": "common.subject", "fields": {"md_name": "Geografia"}}, {"pk": 9, "model": "common.subject", "fields": {"md_name": "Edukacja wczesnoszkolna"}}, {"pk": 10, "model": "common.subject", "fields": {"md_name": "Historia i spo\u0142ecze\u0144stwo"}}, {"pk": 11, "model": "common.subject", "fields": {"md_name": "Historia"}}, {"pk": 12, "model": "common.subject", "fields": {"md_name": "Wiedza o spo\u0142ecze\u0144stwie"}}, {"pk": 13, "model": "common.subject", "fields": {"md_name": "Przyroda"}}, {"pk": 14, "model": "common.subject", "fields": {"md_name": "Edukacja dla bezpiecze\u0144stwa"}}, {"pk": 15, "model": "common.subject", "fields": {"md_name": ""}}, {"pk": 1, "model": "common.attributesowner", "fields": {}}, {"pk": 2, "model": "common.attributesowner", "fields": {}}, {"pk": 3, "model": "common.attributesowner", "fields": {}}, {"pk": 4, "model": "common.attributesowner", "fields": {}}, {"pk": 5, "model": "common.attributesowner", "fields": {}}, {"pk": 6, "model": "common.attributesowner", "fields": {}}, {"pk": 7, "model": "common.attributesowner", "fields": {}}, {"pk": 8, "model": "common.attributesowner", "fields": {}}, {"pk": 9, "model": "common.attributesowner", "fields": {}}, {"pk": 10, "model": "common.attributesowner", "fields": {}}, {"pk": 11, "model": "common.attributesowner", "fields": {}}, {"pk": 12, "model": "common.attributesowner", "fields": {}}, {"pk": 13, "model": "common.attributesowner", "fields": {}}, {"pk": 14, "model": "common.attributesowner", "fields": {}}, {"pk": 15, "model": "common.attributesowner", "fields": {}}, {"pk": 16, "model": "common.attributesowner", "fields": {}}, {"pk": 17, "model": "common.attributesowner", "fields": {}}, {"pk": 18, "model": "common.attributesowner", "fields": {}}, {"pk": 19, "model": "common.attributesowner", "fields": {}}, {"pk": 20, "model": "common.attributesowner", "fields": {}}, {"pk": 21, "model": "common.attributesowner", "fields": {}}, {"pk": 22, "model": "common.attributesowner", "fields": {}}, {"pk": 23, "model": "common.attributesowner", "fields": {}}, {"pk": 24, "model": "common.attributesowner", "fields": {}}, {"pk": 25, "model": "common.attributesowner", "fields": {}}, {"pk": 26, "model": "common.attributesowner", "fields": {}}, {"pk": 27, "model": "common.attributesowner", "fields": {}}, {"pk": 28, "model": "common.attributesowner", "fields": {}}, {"pk": 29, "model": "common.attributesowner", "fields": {}}, {"pk": 30, "model": "common.attributesowner", "fields": {}}, {"pk": 31, "model": "common.attributesowner", "fields": {}}, {"pk": 32, "model": "common.attributesowner", "fields": {}}, {"pk": 33, "model": "common.attributesowner", "fields": {}}, {"pk": 34, "model": "common.attributesowner", "fields": {}}, {"pk": 35, "model": "common.attributesowner", "fields": {}}, {"pk": 36, "model": "common.attributesowner", "fields": {}}, {"pk": 37, "model": "common.attributesowner", "fields": {}}, {"pk": 38, "model": "common.attributesowner", "fields": {}}, {"pk": 39, "model": "common.attributesowner", "fields": {}}, {"pk": 40, "model": "common.attributesowner", "fields": {}}, {"pk": 41, "model": "common.attributesowner", "fields": {}}, {"pk": 42, "model": "common.attributesowner", "fields": {}}, {"pk": 43, "model": "common.attributesowner", "fields": {}}, {"pk": 44, "model": "common.attributesowner", "fields": {}}, {"pk": 45, "model": "common.attributesowner", "fields": {}}, {"pk": 46, "model": "common.attributesowner", "fields": {}}, {"pk": 47, "model": "common.attributesowner", "fields": {}}, {"pk": 48, "model": "common.attributesowner", "fields": {}}, {"pk": 49, "model": "common.attributesowner", "fields": {}}, {"pk": 50, "model": "common.attributesowner", "fields": {}}, {"pk": 51, "model": "common.attributesowner", "fields": {}}, {"pk": 52, "model": "common.attributesowner", "fields": {}}, {"pk": 53, "model": "common.attributesowner", "fields": {}}, {"pk": 54, "model": "common.attributesowner", "fields": {}}, {"pk": 55, "model": "common.attributesowner", "fields": {}}, {"pk": 56, "model": "common.attributesowner", "fields": {}}, {"pk": 1, "model": "common.corecurriculum", "fields": {"ep_core_curriculum_subject": "MAT4", "md_education_level": "III", "ep_core_curriculum_code": "8.1", "ep_core_curriculum_keyword": "Ucze\u0144 zaznacza w uk\u0142adzie wsp\u00f3\u0142rz\u0119dnych na p\u0142aszczy\u017anie punkty o danych wsp\u00f3\u0142rz\u0119dnych;"}}, {"pk": 2, "model": "common.corecurriculum", "fields": {"ep_core_curriculum_subject": "MAT4", "md_education_level": "III", "ep_core_curriculum_code": "8.2", "ep_core_curriculum_keyword": "Ucze\u0144 odczytuje wsp\u00f3\u0142rz\u0119dne danych punkt\u00f3w;"}}, {"pk": 3, "model": "common.corecurriculum", "fields": {"ep_core_curriculum_subject": "MAT4", "md_education_level": "III", "ep_core_curriculum_code": "8.1", "ep_core_curriculum_keyword": "Ucze\u0144 zaznacza w uk\u0142adzie wsp\u00f3\u0142rz\u0119dnych na p\u0142aszczy\u017anie punkty o danych wsp\u00f3\u0142rz\u0119dnych;"}}, {"pk": 4, "model": "common.corecurriculum", "fields": {"ep_core_curriculum_subject": "MAT4", "md_education_level": "III", "ep_core_curriculum_code": "8.2", "ep_core_curriculum_keyword": "Ucze\u0144 odczytuje wsp\u00f3\u0142rz\u0119dne danych punkt\u00f3w;"}}, {"pk": 5, "model": "common.corecurriculum", "fields": {"ep_core_curriculum_subject": "MAT4", "md_education_level": "III", "ep_core_curriculum_code": "8.1", "ep_core_curriculum_keyword": "Ucze\u0144 zaznacza w uk\u0142adzie wsp\u00f3\u0142rz\u0119dnych na p\u0142aszczy\u017anie punkty o danych wsp\u00f3\u0142rz\u0119dnych;"}}, {"pk": 6, "model": "common.corecurriculum", "fields": {"ep_core_curriculum_subject": "MAT4", "md_education_level": "III", "ep_core_curriculum_code": "8.2", "ep_core_curriculum_keyword": "Ucze\u0144 odczytuje wsp\u00f3\u0142rz\u0119dne danych punkt\u00f3w;"}}, {"pk": 7, "model": "common.corecurriculum", "fields": {"ep_core_curriculum_subject": "MAT4", "md_education_level": "III", "ep_core_curriculum_code": "8.1", "ep_core_curriculum_keyword": "Ucze\u0144 zaznacza w uk\u0142adzie wsp\u00f3\u0142rz\u0119dnych na p\u0142aszczy\u017anie punkty o danych wsp\u00f3\u0142rz\u0119dnych;"}}, {"pk": 8, "model": "common.corecurriculum", "fields": {"ep_core_curriculum_subject": "MAT4", "md_education_level": "III", "ep_core_curriculum_code": "8.2", "ep_core_curriculum_keyword": "Ucze\u0144 odczytuje wsp\u00f3\u0142rz\u0119dne danych punkt\u00f3w;"}}, {"pk": 9, "model": "common.corecurriculum", "fields": {"ep_core_curriculum_subject": "MAT4", "md_education_level": "III", "ep_core_curriculum_code": "8.1", "ep_core_curriculum_keyword": "Ucze\u0144 zaznacza w uk\u0142adzie wsp\u00f3\u0142rz\u0119dnych na p\u0142aszczy\u017anie punkty o danych wsp\u00f3\u0142rz\u0119dnych;"}}, {"pk": 10, "model": "common.corecurriculum", "fields": {"ep_core_curriculum_subject": "MAT4", "md_education_level": "III", "ep_core_curriculum_code": "8.2", "ep_core_curriculum_keyword": "Ucze\u0144 odczytuje wsp\u00f3\u0142rz\u0119dne danych punkt\u00f3w;"}}, {"pk": 11, "model": "common.corecurriculum", "fields": {"ep_core_curriculum_subject": "MAT4", "md_education_level": "III", "ep_core_curriculum_code": "10.16", "ep_core_curriculum_keyword": "Ucze\u0144 rozpoznaje pary figur symetrycznych wzgl\u0119dem prostej i wzgl\u0119dem punktu. Rysuje pary figur symetrycznych;"}}, {"pk": 12, "model": "common.corecurriculum", "fields": {"ep_core_curriculum_subject": "MAT4", "md_education_level": "III", "ep_core_curriculum_code": "10.16", "ep_core_curriculum_keyword": "Ucze\u0144 rozpoznaje pary figur symetrycznych wzgl\u0119dem prostej i wzgl\u0119dem punktu. Rysuje pary figur symetrycznych;"}}, {"pk": 13, "model": "common.corecurriculum", "fields": {"ep_core_curriculum_subject": "MAT4", "md_education_level": "III", "ep_core_curriculum_code": "10.16", "ep_core_curriculum_keyword": "Ucze\u0144 rozpoznaje pary figur symetrycznych wzgl\u0119dem prostej i wzgl\u0119dem punktu. Rysuje pary figur symetrycznych;"}}, {"pk": 14, "model": "common.corecurriculum", "fields": {"ep_core_curriculum_subject": "MAT4", "md_education_level": "III", "ep_core_curriculum_code": "10.16", "ep_core_curriculum_keyword": "Ucze\u0144 rozpoznaje pary figur symetrycznych wzgl\u0119dem prostej i wzgl\u0119dem punktu. Rysuje pary figur symetrycznych;"}}, {"pk": 15, "model": "common.corecurriculum", "fields": {"ep_core_curriculum_subject": "MAT4", "md_education_level": "III", "ep_core_curriculum_code": "10.16", "ep_core_curriculum_keyword": "Ucze\u0144 rozpoznaje pary figur symetrycznych wzgl\u0119dem prostej i wzgl\u0119dem punktu. Rysuje pary figur symetrycznych;"}}, {"pk": 16, "model": "common.corecurriculum", "fields": {"ep_core_curriculum_subject": "MAT4", "md_education_level": "III", "ep_core_curriculum_code": "10.16", "ep_core_curriculum_keyword": "Ucze\u0144 rozpoznaje pary figur symetrycznych wzgl\u0119dem prostej i wzgl\u0119dem punktu. Rysuje pary figur symetrycznych;"}}, {"pk": 17, "model": "common.corecurriculum", "fields": {"ep_core_curriculum_subject": "MAT5", "md_education_level": "IV", "ep_core_curriculum_code": "I.4.1", "ep_core_curriculum_keyword": "Ucze\u0144 okre\u015bla funkcje za pomoc\u0105 wzoru, tabeli, wykresu, opisu s\u0142ownego;"}}, {"pk": 18, "model": "common.corecurriculum", "fields": {"ep_core_curriculum_subject": "MAT5", "md_education_level": "IV", "ep_core_curriculum_code": "I.4.1", "ep_core_curriculum_keyword": "Ucze\u0144 okre\u015bla funkcje za pomoc\u0105 wzoru, tabeli, wykresu, opisu s\u0142ownego;"}}, {"pk": 19, "model": "common.corecurriculum", "fields": {"ep_core_curriculum_subject": "MAT5", "md_education_level": "IV", "ep_core_curriculum_code": "I.4.1", "ep_core_curriculum_keyword": "Ucze\u0144 okre\u015bla funkcje za pomoc\u0105 wzoru, tabeli, wykresu, opisu s\u0142ownego;"}}, {"pk": 20, "model": "common.corecurriculum", "fields": {"ep_core_curriculum_subject": "MAT5", "md_education_level": "IV", "ep_core_curriculum_code": "I.4.1", "ep_core_curriculum_keyword": "Ucze\u0144 okre\u015bla funkcje za pomoc\u0105 wzoru, tabeli, wykresu, opisu s\u0142ownego;"}}, {"pk": 21, "model": "common.corecurriculum", "fields": {"ep_core_curriculum_subject": "MAT5", "md_education_level": "IV", "ep_core_curriculum_code": "I.4.2", "ep_core_curriculum_keyword": "Ucze\u0144 oblicza ze wzoru warto\u015b\u0107 funkcji dla danego argumentu. Pos\u0142uguje si\u0119 poznanymi metodami rozwi\u0105zywania r\u00f3wna\u0144 do obliczenia, dla jakiego argumentu funkcja przyjmuje dan\u0105 warto\u015b\u0107;"}}, {"pk": 22, "model": "common.corecurriculum", "fields": {"ep_core_curriculum_subject": "MAT5", "md_education_level": "IV", "ep_core_curriculum_code": "I.4.2", "ep_core_curriculum_keyword": "Ucze\u0144 oblicza ze wzoru warto\u015b\u0107 funkcji dla danego argumentu. Pos\u0142uguje si\u0119 poznanymi metodami rozwi\u0105zywania r\u00f3wna\u0144 do obliczenia, dla jakiego argumentu funkcja przyjmuje dan\u0105 warto\u015b\u0107;"}}, {"pk": 23, "model": "common.corecurriculum", "fields": {"ep_core_curriculum_subject": "MAT5", "md_education_level": "IV", "ep_core_curriculum_code": "I.4.2", "ep_core_curriculum_keyword": "Ucze\u0144 oblicza ze wzoru warto\u015b\u0107 funkcji dla danego argumentu. Pos\u0142uguje si\u0119 poznanymi metodami rozwi\u0105zywania r\u00f3wna\u0144 do obliczenia, dla jakiego argumentu funkcja przyjmuje dan\u0105 warto\u015b\u0107;"}}, {"pk": 24, "model": "common.corecurriculum", "fields": {"ep_core_curriculum_subject": "MAT5", "md_education_level": "IV", "ep_core_curriculum_code": "I.4.2", "ep_core_curriculum_keyword": "Ucze\u0144 oblicza ze wzoru warto\u015b\u0107 funkcji dla danego argumentu. Pos\u0142uguje si\u0119 poznanymi metodami rozwi\u0105zywania r\u00f3wna\u0144 do obliczenia, dla jakiego argumentu funkcja przyjmuje dan\u0105 warto\u015b\u0107;"}}, {"pk": 25, "model": "common.corecurriculum", "fields": {"ep_core_curriculum_subject": "MAT5", "md_education_level": "IV", "ep_core_curriculum_code": "I.4.3", "ep_core_curriculum_keyword": "Ucze\u0144 odczytuje z wykresu w\u0142asno\u015bci funkcji (dziedzin\u0119, zbi\u00f3r warto\u015bci, miejsca zerowe, maksymalne przedzia\u0142y, w kt\u00f3rych funkcja maleje, ro\u015bnie, ma sta\u0142y znak; punkty, w kt\u00f3rych funkcja przyjmuje w podanym przedziale warto\u015b\u0107 najwi\u0119ksz\u0105 lub najmniejsz\u0105);"}}, {"pk": 26, "model": "common.corecurriculum", "fields": {"ep_core_curriculum_subject": "MAT5", "md_education_level": "IV", "ep_core_curriculum_code": "I.4.3", "ep_core_curriculum_keyword": "Ucze\u0144 odczytuje z wykresu w\u0142asno\u015bci funkcji (dziedzin\u0119, zbi\u00f3r warto\u015bci, miejsca zerowe, maksymalne przedzia\u0142y, w kt\u00f3rych funkcja maleje, ro\u015bnie, ma sta\u0142y znak; punkty, w kt\u00f3rych funkcja przyjmuje w podanym przedziale warto\u015b\u0107 najwi\u0119ksz\u0105 lub najmniejsz\u0105);"}}, {"pk": 27, "model": "common.corecurriculum", "fields": {"ep_core_curriculum_subject": "MAT5", "md_education_level": "IV", "ep_core_curriculum_code": "I.4.3", "ep_core_curriculum_keyword": "Ucze\u0144 odczytuje z wykresu w\u0142asno\u015bci funkcji (dziedzin\u0119, zbi\u00f3r warto\u015bci, miejsca zerowe, maksymalne przedzia\u0142y, w kt\u00f3rych funkcja maleje, ro\u015bnie, ma sta\u0142y znak; punkty, w kt\u00f3rych funkcja przyjmuje w podanym przedziale warto\u015b\u0107 najwi\u0119ksz\u0105 lub najmniejsz\u0105);"}}, {"pk": 28, "model": "common.corecurriculum", "fields": {"ep_core_curriculum_subject": "MAT5", "md_education_level": "IV", "ep_core_curriculum_code": "I.4.3", "ep_core_curriculum_keyword": "Ucze\u0144 odczytuje z wykresu w\u0142asno\u015bci funkcji (dziedzin\u0119, zbi\u00f3r warto\u015bci, miejsca zerowe, maksymalne przedzia\u0142y, w kt\u00f3rych funkcja maleje, ro\u015bnie, ma sta\u0142y znak; punkty, w kt\u00f3rych funkcja przyjmuje w podanym przedziale warto\u015b\u0107 najwi\u0119ksz\u0105 lub najmniejsz\u0105);"}}, {"pk": 29, "model": "common.corecurriculum", "fields": {"ep_core_curriculum_subject": "MAT5", "md_education_level": "IV", "ep_core_curriculum_code": "I.4.3", "ep_core_curriculum_keyword": "Ucze\u0144 odczytuje z wykresu w\u0142asno\u015bci funkcji (dziedzin\u0119, zbi\u00f3r warto\u015bci, miejsca zerowe, maksymalne przedzia\u0142y, w kt\u00f3rych funkcja maleje, ro\u015bnie, ma sta\u0142y znak; punkty, w kt\u00f3rych funkcja przyjmuje w podanym przedziale warto\u015b\u0107 najwi\u0119ksz\u0105 lub najmniejsz\u0105);"}}, {"pk": 30, "model": "common.corecurriculum", "fields": {"ep_core_curriculum_subject": "MAT3", "md_education_level": "II", "ep_core_curriculum_code": "1.2", "ep_core_curriculum_keyword": "Ucze\u0144 interpretuje liczby naturalne na osi liczbowej;"}}, {"pk": 31, "model": "common.corecurriculum", "fields": {"ep_core_curriculum_subject": "MAT3", "md_education_level": "II", "ep_core_curriculum_code": "1.2", "ep_core_curriculum_keyword": "Ucze\u0144 interpretuje liczby naturalne na osi liczbowej;"}}, {"pk": 32, "model": "common.corecurriculum", "fields": {"ep_core_curriculum_subject": "MAT3", "md_education_level": "II", "ep_core_curriculum_code": "1.2", "ep_core_curriculum_keyword": "Ucze\u0144 interpretuje liczby naturalne na osi liczbowej;"}}, {"pk": 33, "model": "common.corecurriculum", "fields": {"ep_core_curriculum_subject": "MAT3", "md_education_level": "II", "ep_core_curriculum_code": "2.3", "ep_core_curriculum_keyword": "Ucze\u0144 mno\u017cy i dzieli liczb\u0119 naturaln\u0105 przez liczb\u0119 naturaln\u0105 jednocyfrow\u0105, dwucyfrow\u0105 lub trzycyfrow\u0105 pisemnie, w pami\u0119ci (w najprostszych przyk\u0142adach) i za pomoc\u0105 kalkulatora (w trudniejszych przyk\u0142adach);"}}, {"pk": 34, "model": "common.corecurriculum", "fields": {"ep_core_curriculum_subject": "MAT3", "md_education_level": "II", "ep_core_curriculum_code": "2.3", "ep_core_curriculum_keyword": "Ucze\u0144 mno\u017cy i dzieli liczb\u0119 naturaln\u0105 przez liczb\u0119 naturaln\u0105 jednocyfrow\u0105, dwucyfrow\u0105 lub trzycyfrow\u0105 pisemnie, w pami\u0119ci (w najprostszych przyk\u0142adach) i za pomoc\u0105 kalkulatora (w trudniejszych przyk\u0142adach);"}}, {"pk": 35, "model": "common.corecurriculum", "fields": {"ep_core_curriculum_subject": "MAT3", "md_education_level": "II", "ep_core_curriculum_code": "2.3", "ep_core_curriculum_keyword": "Ucze\u0144 mno\u017cy i dzieli liczb\u0119 naturaln\u0105 przez liczb\u0119 naturaln\u0105 jednocyfrow\u0105, dwucyfrow\u0105 lub trzycyfrow\u0105 pisemnie, w pami\u0119ci (w najprostszych przyk\u0142adach) i za pomoc\u0105 kalkulatora (w trudniejszych przyk\u0142adach);"}}, {"pk": 36, "model": "common.corecurriculum", "fields": {"ep_core_curriculum_subject": "MAT3", "md_education_level": "II", "ep_core_curriculum_code": "2.3", "ep_core_curriculum_keyword": "Ucze\u0144 mno\u017cy i dzieli liczb\u0119 naturaln\u0105 przez liczb\u0119 naturaln\u0105 jednocyfrow\u0105, dwucyfrow\u0105 lub trzycyfrow\u0105 pisemnie, w pami\u0119ci (w najprostszych przyk\u0142adach) i za pomoc\u0105 kalkulatora (w trudniejszych przyk\u0142adach);"}}, {"pk": 37, "model": "common.corecurriculum", "fields": {"ep_core_curriculum_subject": "MAT3", "md_education_level": "II", "ep_core_curriculum_code": "2.3", "ep_core_curriculum_keyword": "Ucze\u0144 mno\u017cy i dzieli liczb\u0119 naturaln\u0105 przez liczb\u0119 naturaln\u0105 jednocyfrow\u0105, dwucyfrow\u0105 lub trzycyfrow\u0105 pisemnie, w pami\u0119ci (w najprostszych przyk\u0142adach) i za pomoc\u0105 kalkulatora (w trudniejszych przyk\u0142adach);"}}, {"pk": 38, "model": "common.corecurriculum", "fields": {"ep_core_curriculum_subject": "MAT3", "md_education_level": "II", "ep_core_curriculum_code": "2.3", "ep_core_curriculum_keyword": "Ucze\u0144 mno\u017cy i dzieli liczb\u0119 naturaln\u0105 przez liczb\u0119 naturaln\u0105 jednocyfrow\u0105, dwucyfrow\u0105 lub trzycyfrow\u0105 pisemnie, w pami\u0119ci (w najprostszych przyk\u0142adach) i za pomoc\u0105 kalkulatora (w trudniejszych przyk\u0142adach);"}}, {"pk": 39, "model": "common.corecurriculum", "fields": {"ep_core_curriculum_subject": "MAT3", "md_education_level": "II", "ep_core_curriculum_code": "2.6", "ep_core_curriculum_keyword": "Ucze\u0144 por\u00f3wnuje r\u00f3\u017cnicowo i ilorazowo liczby naturalne;"}}, {"pk": 40, "model": "common.corecurriculum", "fields": {"ep_core_curriculum_subject": "MAT3", "md_education_level": "II", "ep_core_curriculum_code": "2.6", "ep_core_curriculum_keyword": "Ucze\u0144 por\u00f3wnuje r\u00f3\u017cnicowo i ilorazowo liczby naturalne;"}}, {"pk": 41, "model": "common.corecurriculum", "fields": {"ep_core_curriculum_subject": "MAT3", "md_education_level": "II", "ep_core_curriculum_code": "2.6", "ep_core_curriculum_keyword": "Ucze\u0144 por\u00f3wnuje r\u00f3\u017cnicowo i ilorazowo liczby naturalne;"}}, {"pk": 42, "model": "common.corecurriculum", "fields": {"ep_core_curriculum_subject": "BIOL4", "md_education_level": "III", "ep_core_curriculum_code": "V.4", "ep_core_curriculum_keyword": "Ucze\u0144 rozr\u00f3\u017cnia elementy budowy kwiatu (okwiat: dzia\u0142ki kielicha i p\u0142atki korony oraz s\u0142upkowie, pr\u0119cikowie) i okre\u015bla ich rol\u0119 w rozmna\u017caniu p\u0142ciowym"}}, {"pk": 43, "model": "common.corecurriculum", "fields": {"ep_core_curriculum_subject": "BIOL4", "md_education_level": "III", "ep_core_curriculum_code": "V.2", "ep_core_curriculum_keyword": "Ucze\u0144 identyfikuje (np. na schemacie, fotografii, rysunku lub na podstawie opisu) i opisuje organy ro\u015bliny okrytonasiennej (korze\u0144, p\u0119d, \u0142odyga, li\u015b\u0107, kwiat, owoc) oraz przedstawia ich funkcje"}}, {"pk": 44, "model": "common.corecurriculum", "fields": {"ep_core_curriculum_subject": "BIOL4", "md_education_level": "III", "ep_core_curriculum_code": "III.8", "ep_core_curriculum_keyword": "Ucze\u0144 obserwuje okazy i por\u00f3wnuje cechy morfologiczne glon\u00f3w i ro\u015blin l\u0105dowych (mch\u00f3w, wid\u0142ak\u00f3w, skrzyp\u00f3w, paproci, nagozal\u0105\u017ckowych i okrytozal\u0105\u017ckowych), wymienia cechy umo\u017cliwiaj\u0105ce zaklasyfikowanie organizmu do wymienionych wy\u017cej grup oraz identyfikuje"}}, {"pk": 1, "model": "common.module", "fields": {"md_version": "1", "md_abstract": null, "md_license": "http://creativecommons.org/licenses/by/3.0/pl/legalcode", "md_content_id": "iOVUkKQGmG", "md_keywords": [], "ep_core_curriculum_entries": [1, 2], "md_school": 7, "md_published": false, "ep_testing_content": true, "ep_content_status": "canon", "md_revised": "2013-09-20T10:52:00Z", "md_created": "2013-09-03T16:44:00Z", "ep_imports": "mathjax;qml;pl_generator;pl_interactive", "md_title": "Po\u0142o\u017cenie - szachy", "ep_recipient": "student", "md_subject": 1, "ep_version": "1.2", "md_language": "pl"}}, {"pk": 2, "model": "common.module", "fields": {"md_version": "1", "md_abstract": null, "md_license": "http://creativecommons.org/licenses/by/3.0/pl/legalcode", "md_content_id": "iLzWoouTlM", "md_keywords": [], "ep_core_curriculum_entries": [3, 4], "md_school": 7, "md_published": false, "ep_testing_content": true, "ep_content_status": "canon", "md_revised": "2013-09-20T11:51:00Z", "md_created": "2013-09-20T11:51:00Z", "ep_imports": "mathjax;qml;pl_generator;pl_interactive", "md_title": "Po\u0142o\u017cenie - kino", "ep_recipient": "student", "md_subject": 1, "ep_version": "1.2", "md_language": "pl"}}, {"pk": 3, "model": "common.module", "fields": {"md_version": "1", "md_abstract": null, "md_license": "http://creativecommons.org/licenses/by/3.0/pl/legalcode", "md_content_id": "idUYVMGuk2", "md_keywords": [], "ep_core_curriculum_entries": [5, 6], "md_school": 7, "md_published": false, "ep_testing_content": true, "ep_content_status": "canon", "md_revised": "2013-09-20T11:11:00Z", "md_created": "2013-09-03T16:44:00Z", "ep_imports": "mathjax;qml;pl_generator;pl_interactive", "md_title": "Po\u0142o\u017cenie - o\u015b liczbowa i uk\u0142ad wsp\u00f3\u0142rz\u0119dnych", "ep_recipient": "student", "md_subject": 1, "ep_version": "1.2", "md_language": "pl"}}, {"pk": 4, "model": "common.module", "fields": {"md_version": "1", "md_abstract": null, "md_license": "http://creativecommons.org/licenses/by/3.0/pl/legalcode", "md_content_id": "i7DG2DiFqW", "md_keywords": [], "ep_core_curriculum_entries": [7, 8], "md_school": 7, "md_published": false, "ep_testing_content": true, "ep_content_status": "canon", "md_revised": "2013-09-20T11:54:00Z", "md_created": "2013-09-03T16:44:00Z", "ep_imports": "mathjax;qml;pl_generator;pl_interactive", "md_title": "Po\u0142o\u017cenie - mapa", "ep_recipient": "student", "md_subject": 1, "ep_version": "1.2", "md_language": "pl"}}, {"pk": 5, "model": "common.module", "fields": {"md_version": "1", "md_abstract": null, "md_license": "http://creativecommons.org/licenses/by/3.0/pl/legalcode", "md_content_id": "iinBlV6Oz4", "md_keywords": [], "ep_core_curriculum_entries": [9, 10], "md_school": 7, "md_published": false, "ep_testing_content": true, "ep_content_status": "canon", "md_revised": "2013-09-20T11:56:00Z", "md_created": "2013-09-03T16:44:00Z", "ep_imports": "mathjax;qml;pl_generator;pl_interactive", "md_title": "Po\u0142o\u017cenie - labirynt", "ep_recipient": "student", "md_subject": 1, "ep_version": "1.2", "md_language": "pl"}}, {"pk": 6, "model": "common.module", "fields": {"md_version": "1", "md_abstract": null, "md_license": "http://creativecommons.org/licenses/by/3.0/pl/legalcode", "md_content_id": "izcFqXaVJX", "md_keywords": [], "ep_core_curriculum_entries": [11], "md_school": 7, "md_published": false, "ep_testing_content": true, "ep_content_status": "canon", "md_revised": "2013-09-20T11:58:00Z", "md_created": "2013-09-04T23:11:00Z", "ep_imports": "mathjax;qml;pl_generator;pl_interactive", "md_title": "Wprowadzenie", "ep_recipient": "student", "md_subject": 1, "ep_version": "1.2", "md_language": "pl"}}, {"pk": 7, "model": "common.module", "fields": {"md_version": "1", "md_abstract": null, "md_license": "http://creativecommons.org/licenses/by/3.0/pl/legalcode", "md_content_id": "iah6jPRMQm", "md_keywords": [], "ep_core_curriculum_entries": [12], "md_school": 7, "md_published": false, "ep_testing_content": true, "ep_content_status": "canon", "md_revised": "2013-09-20T11:59:00Z", "md_created": "2013-09-04T23:11:00Z", "ep_imports": "mathjax;qml;pl_generator;pl_interactive", "md_title": "Definicja", "ep_recipient": "student", "md_subject": 1, "ep_version": "1.2", "md_language": "pl"}}, {"pk": 8, "model": "common.module", "fields": {"md_version": "1", "md_abstract": null, "md_license": "http://creativecommons.org/licenses/by/3.0/pl/legalcode", "md_content_id": "is4JPhq2Ac", "md_keywords": [], "ep_core_curriculum_entries": [13], "md_school": 7, "md_published": false, "ep_testing_content": true, "ep_content_status": "canon", "md_revised": "2013-09-20T12:00:00Z", "md_created": "2013-09-04T23:11:00Z", "ep_imports": "mathjax;qml;pl_generator;pl_interactive", "md_title": "Przyk\u0142ady i zadania \u2013 cz\u0119\u015b\u0107 I", "ep_recipient": "student", "md_subject": 1, "ep_version": "1.2", "md_language": "pl"}}, {"pk": 9, "model": "common.module", "fields": {"md_version": "1", "md_abstract": null, "md_license": "http://creativecommons.org/licenses/by/3.0/pl/legalcode", "md_content_id": "iOncHNeCK0", "md_keywords": [], "ep_core_curriculum_entries": [14], "md_school": 7, "md_published": false, "ep_testing_content": true, "ep_content_status": "canon", "md_revised": "2013-09-20T12:03:00Z", "md_created": "2013-09-04T23:11:00Z", "ep_imports": "mathjax;qml;pl_generator;pl_interactive", "md_title": "Przyk\u0142ady i zadania \u2013 cz\u0119\u015b\u0107 II", "ep_recipient": "student", "md_subject": 1, "ep_version": "1.2", "md_language": "pl"}}, {"pk": 10, "model": "common.module", "fields": {"md_version": "1", "md_abstract": null, "md_license": "http://creativecommons.org/licenses/by/3.0/pl/legalcode", "md_content_id": "irLLeKyFqM", "md_keywords": [], "ep_core_curriculum_entries": [15], "md_school": 7, "md_published": false, "ep_testing_content": true, "ep_content_status": "canon", "md_revised": "2013-09-20T12:04:00Z", "md_created": "2013-09-04T23:11:00Z", "ep_imports": "mathjax;qml;pl_generator;pl_interactive", "md_title": "Zadania \u2013 cz\u0119\u015b\u0107 I", "ep_recipient": "student", "md_subject": 1, "ep_version": "1.2", "md_language": "pl"}}, {"pk": 11, "model": "common.module", "fields": {"md_version": "1", "md_abstract": null, "md_license": "http://creativecommons.org/licenses/by/3.0/pl/legalcode", "md_content_id": "iMbuMRgTeF", "md_keywords": [], "ep_core_curriculum_entries": [16], "md_school": 7, "md_published": false, "ep_testing_content": true, "ep_content_status": "canon", "md_revised": "2013-09-20T12:05:00Z", "md_created": "2013-09-04T23:11:00Z", "ep_imports": "mathjax;qml;pl_generator;pl_interactive", "md_title": "Zadania \u2013 cz\u0119\u015b\u0107 II", "ep_recipient": "student", "md_subject": 1, "ep_version": "1.2", "md_language": "pl"}}, {"pk": 12, "model": "common.module", "fields": {"md_version": "1", "md_abstract": null, "md_license": "http://creativecommons.org/licenses/by/3.0/pl/legalcode", "md_content_id": "iZGlMdLUlp", "md_keywords": [], "ep_core_curriculum_entries": [17], "md_school": 10, "md_published": false, "ep_testing_content": true, "ep_content_status": "canon", "md_revised": "2013-09-20T11:34:00Z", "md_created": "2013-09-04T13:00:00Z", "ep_imports": "mathjax;qml;pl_generator;pl_interactive", "md_title": "Wprowadzenie", "ep_recipient": "student", "md_subject": 1, "ep_version": "1.2", "md_language": "pl"}}, {"pk": 13, "model": "common.module", "fields": {"md_version": "1", "md_abstract": null, "md_license": "http://creativecommons.org/licenses/by/3.0/pl/legalcode", "md_content_id": "iaHa7PxAah", "md_keywords": [], "ep_core_curriculum_entries": [18], "md_school": 10, "md_published": false, "ep_testing_content": true, "ep_content_status": "canon", "md_revised": "2013-09-20T10:11:00Z", "md_created": "2013-09-04T13:01:00Z", "ep_imports": "mathjax;qml;pl_generator;pl_interactive", "md_title": "Definicja funkcji i sposoby jej przedstawiania", "ep_recipient": "student", "md_subject": 1, "ep_version": "1.2", "md_language": "pl"}}, {"pk": 14, "model": "common.module", "fields": {"md_version": "1", "md_abstract": null, "md_license": "http://creativecommons.org/licenses/by/3.0/pl/legalcode", "md_content_id": "iISBZ739bl", "md_keywords": [], "ep_core_curriculum_entries": [19], "md_school": 10, "md_published": false, "ep_testing_content": true, "ep_content_status": "canon", "md_revised": "2013-09-20T16:01:00Z", "md_created": "2013-09-04T13:02:00Z", "ep_imports": "mathjax;qml;pl_generator;pl_interactive", "md_title": "Zadania", "ep_recipient": "student", "md_subject": 1, "ep_version": "1.2", "md_language": "pl"}}, {"pk": 15, "model": "common.module", "fields": {"md_version": "1", "md_abstract": null, "md_license": "http://creativecommons.org/licenses/by/3.0/pl/legalcode", "md_content_id": "iQUbNknvwo", "md_keywords": [], "ep_core_curriculum_entries": [20], "md_school": 10, "md_published": false, "ep_testing_content": true, "ep_content_status": "canon", "md_revised": "2013-09-20T16:02:00Z", "md_created": "2013-09-04T13:02:00Z", "ep_imports": "mathjax;qml;pl_generator;pl_interactive", "md_title": "Zadania generatorowe", "ep_recipient": "student", "md_subject": 1, "ep_version": "1.2", "md_language": "pl"}}, {"pk": 16, "model": "common.module", "fields": {"md_version": "1", "md_abstract": null, "md_license": "http://creativecommons.org/licenses/by/3.0/pl/legalcode", "md_content_id": "io4l5NQDTA", "md_keywords": [], "ep_core_curriculum_entries": [21], "md_school": 10, "md_published": false, "ep_testing_content": true, "ep_content_status": "canon", "md_revised": "2013-09-20T10:13:00Z", "md_created": "2013-09-04T13:42:00Z", "ep_imports": "mathjax;qml;pl_generator;pl_interactive", "md_title": "Wprowadzenie", "ep_recipient": "student", "md_subject": 1, "ep_version": "1.2", "md_language": "pl"}}, {"pk": 17, "model": "common.module", "fields": {"md_version": "1", "md_abstract": null, "md_license": "http://creativecommons.org/licenses/by/3.0/pl/legalcode", "md_content_id": "iRVyXI4ET9", "md_keywords": [], "ep_core_curriculum_entries": [22], "md_school": 10, "md_published": false, "ep_testing_content": true, "ep_content_status": "canon", "md_revised": "2013-09-20T10:13:00Z", "md_created": "2013-09-04T13:42:00Z", "ep_imports": "mathjax;qml;pl_generator;pl_interactive", "md_title": "Dziedzina", "ep_recipient": "student", "md_subject": 1, "ep_version": "1.2", "md_language": "pl"}}, {"pk": 18, "model": "common.module", "fields": {"md_version": "1", "md_abstract": null, "md_license": "http://creativecommons.org/licenses/by/3.0/pl/legalcode", "md_content_id": "iMqSMPb9hi", "md_keywords": [], "ep_core_curriculum_entries": [23], "md_school": 10, "md_published": false, "ep_testing_content": true, "ep_content_status": "canon", "md_revised": "2013-09-20T16:06:00Z", "md_created": "2013-09-04T13:43:00Z", "ep_imports": "mathjax;qml;pl_generator;pl_interactive", "md_title": "Zadania", "ep_recipient": "student", "md_subject": 1, "ep_version": "1.2", "md_language": "pl"}}, {"pk": 19, "model": "common.module", "fields": {"md_version": "1", "md_abstract": null, "md_license": "http://creativecommons.org/licenses/by/3.0/pl/legalcode", "md_content_id": "i1giATWlD1", "md_keywords": [], "ep_core_curriculum_entries": [24], "md_school": 10, "md_published": false, "ep_testing_content": true, "ep_content_status": "canon", "md_revised": "2013-09-20T16:08:00Z", "md_created": "2013-09-04T13:43:00Z", "ep_imports": "mathjax;qml;pl_generator;pl_interactive", "md_title": "Zadania generatorowe", "ep_recipient": "student", "md_subject": 1, "ep_version": "1.2", "md_language": "pl"}}, {"pk": 20, "model": "common.module", "fields": {"md_version": "1", "md_abstract": null, "md_license": "http://creativecommons.org/licenses/by/3.0/pl/legalcode", "md_content_id": "iDbIqpAgSz", "md_keywords": [], "ep_core_curriculum_entries": [25], "md_school": 10, "md_published": false, "ep_testing_content": true, "ep_content_status": "canon", "md_revised": "2013-09-20T10:14:00Z", "md_created": "2013-09-04T14:06:00Z", "ep_imports": "mathjax;qml;pl_generator;pl_interactive", "md_title": "Miejsca zerowe funkcji", "ep_recipient": "student", "md_subject": 1, "ep_version": "1.2", "md_language": "pl"}}, {"pk": 21, "model": "common.module", "fields": {"md_version": "1", "md_abstract": null, "md_license": "http://creativecommons.org/licenses/by/3.0/pl/legalcode", "md_content_id": "ikqbJhUjBW", "md_keywords": [], "ep_core_curriculum_entries": [26], "md_school": 10, "md_published": false, "ep_testing_content": true, "ep_content_status": "canon", "md_revised": "2013-09-20T10:14:00Z", "md_created": "2013-09-04T14:06:00Z", "ep_imports": "mathjax;qml;pl_generator;pl_interactive", "md_title": "Warto\u015b\u0107 funkcji dla danego argumentu", "ep_recipient": "student", "md_subject": 1, "ep_version": "1.2", "md_language": "pl"}}, {"pk": 22, "model": "common.module", "fields": {"md_version": "1", "md_abstract": null, "md_license": "http://creativecommons.org/licenses/by/3.0/pl/legalcode", "md_content_id": "iPW504t2Sq", "md_keywords": [], "ep_core_curriculum_entries": [27], "md_school": 10, "md_published": false, "ep_testing_content": true, "ep_content_status": "canon", "md_revised": "2013-09-20T10:15:00Z", "md_created": "2013-09-04T14:06:00Z", "ep_imports": "mathjax;qml;pl_generator;pl_interactive", "md_title": "Argumenty, dla kt\u00f3rych funkcja przyjmuje zadan\u0105 warto\u015b\u0107", "ep_recipient": "student", "md_subject": 1, "ep_version": "1.2", "md_language": "pl"}}, {"pk": 23, "model": "common.module", "fields": {"md_version": "1", "md_abstract": null, "md_license": "http://creativecommons.org/licenses/by/3.0/pl/legalcode", "md_content_id": "iMLErQP6zc", "md_keywords": [], "ep_core_curriculum_entries": [28], "md_school": 10, "md_published": false, "ep_testing_content": true, "ep_content_status": "canon", "md_revised": "2013-09-20T16:10:00Z", "md_created": "2013-09-04T14:09:00Z", "ep_imports": "mathjax;qml;pl_generator;pl_interactive", "md_title": "Zadania", "ep_recipient": "student", "md_subject": 1, "ep_version": "1.2", "md_language": "pl"}}, {"pk": 24, "model": "common.module", "fields": {"md_version": "1", "md_abstract": null, "md_license": "http://creativecommons.org/licenses/by/3.0/pl/legalcode", "md_content_id": "ixyf26HaiJ", "md_keywords": [], "ep_core_curriculum_entries": [29], "md_school": 10, "md_published": false, "ep_testing_content": true, "ep_content_status": "canon", "md_revised": "2013-09-20T16:11:00Z", "md_created": "2013-09-04T14:09:00Z", "ep_imports": "mathjax;qml;pl_generator;pl_interactive", "md_title": "Zadania generatorowe", "ep_recipient": "student", "md_subject": 1, "ep_version": "1.2", "md_language": "pl"}}, {"pk": 25, "model": "common.module", "fields": {"md_version": "1", "md_abstract": null, "md_license": "http://creativecommons.org/licenses/by/3.0/pl/legalcode", "md_content_id": "i2dnVn3HHk", "md_keywords": [], "ep_core_curriculum_entries": [30], "md_school": 4, "md_published": false, "ep_testing_content": true, "ep_content_status": "canon", "md_revised": "2013-09-23T12:14:00Z", "md_created": "2013-08-30T06:50:00Z", "ep_imports": "mathjax;qml;pl_generator;pl_interactive", "md_title": "Wprowadzenie", "ep_recipient": "student", "md_subject": 1, "ep_version": "1.2", "md_language": "pl"}}, {"pk": 26, "model": "common.module", "fields": {"md_version": "1", "md_abstract": null, "md_license": "http://creativecommons.org/licenses/by/3.0/pl/legalcode", "md_content_id": "ifp3V1olu1", "md_keywords": [], "ep_core_curriculum_entries": [31], "md_school": 4, "md_published": false, "ep_testing_content": true, "ep_content_status": "canon", "md_revised": "2013-09-23T12:18:00Z", "md_created": "2013-08-30T06:50:00Z", "ep_imports": "mathjax;qml;pl_generator;pl_interactive", "md_title": "Definicja z przyk\u0142adami", "ep_recipient": "student", "md_subject": 1, "ep_version": "1.2", "md_language": "pl"}}, {"pk": 27, "model": "common.module", "fields": {"md_version": "1", "md_abstract": null, "md_license": "http://creativecommons.org/licenses/by/3.0/pl/legalcode", "md_content_id": "iDODp1AzKn", "md_keywords": [], "ep_core_curriculum_entries": [32], "md_school": 4, "md_published": false, "ep_testing_content": true, "ep_content_status": "canon", "md_revised": "2013-09-23T12:22:00Z", "md_created": "2013-08-30T06:50:00Z", "ep_imports": "mathjax;qml;pl_generator;pl_interactive", "md_title": "Zadania", "ep_recipient": "student", "md_subject": 1, "ep_version": "1.2", "md_language": "pl"}}, {"pk": 28, "model": "common.module", "fields": {"md_version": "1", "md_abstract": null, "md_license": "http://creativecommons.org/licenses/by/3.0/pl/legalcode", "md_content_id": "iNX4hHj6J5", "md_keywords": [], "ep_core_curriculum_entries": [33], "md_school": 4, "md_published": false, "ep_testing_content": true, "ep_content_status": "canon", "md_revised": "2013-09-23T12:23:00Z", "md_created": "2013-08-30T18:46:00Z", "ep_imports": "mathjax;qml;pl_generator;pl_interactive", "md_title": "Wprowadzenie", "ep_recipient": "student", "md_subject": 1, "ep_version": "1.2", "md_language": "pl"}}, {"pk": 29, "model": "common.module", "fields": {"md_version": "1", "md_abstract": null, "md_license": "http://creativecommons.org/licenses/by/3.0/pl/legalcode", "md_content_id": "iIQlNnqC5N", "md_keywords": [], "ep_core_curriculum_entries": [34], "md_school": 4, "md_published": false, "ep_testing_content": true, "ep_content_status": "canon", "md_revised": "2013-09-23T12:25:00Z", "md_created": "2013-08-30T18:46:00Z", "ep_imports": "mathjax;qml;pl_generator;pl_interactive", "md_title": "Tabliczka mno\u017cenia", "ep_recipient": "student", "md_subject": 1, "ep_version": "1.2", "md_language": "pl"}}, {"pk": 30, "model": "common.module", "fields": {"md_version": "1", "md_abstract": null, "md_license": "http://creativecommons.org/licenses/by/3.0/pl/legalcode", "md_content_id": "iikGp028xG", "md_keywords": [], "ep_core_curriculum_entries": [35], "md_school": 4, "md_published": false, "ep_testing_content": true, "ep_content_status": "canon", "md_revised": "2013-09-23T12:41:00Z", "md_created": "2013-08-30T18:46:00Z", "ep_imports": "mathjax;qml;pl_generator;pl_interactive", "md_title": "Definicja i przyk\u0142ady", "ep_recipient": "student", "md_subject": 1, "ep_version": "1.2", "md_language": "pl"}}, {"pk": 31, "model": "common.module", "fields": {"md_version": "1", "md_abstract": null, "md_license": "http://creativecommons.org/licenses/by/3.0/pl/legalcode", "md_content_id": "i2RujZNCgV", "md_keywords": [], "ep_core_curriculum_entries": [36], "md_school": 4, "md_published": false, "ep_testing_content": true, "ep_content_status": "canon", "md_revised": "2013-09-23T12:42:00Z", "md_created": "2013-08-30T18:46:00Z", "ep_imports": "mathjax;qml;pl_generator;pl_interactive", "md_title": "W\u0142asno\u015bci mno\u017cenia", "ep_recipient": "student", "md_subject": 1, "ep_version": "1.2", "md_language": "pl"}}, {"pk": 32, "model": "common.module", "fields": {"md_version": "1", "md_abstract": null, "md_license": "http://creativecommons.org/licenses/by/3.0/pl/legalcode", "md_content_id": "ivaJjIPJ1P", "md_keywords": [], "ep_core_curriculum_entries": [37], "md_school": 4, "md_published": false, "ep_testing_content": true, "ep_content_status": "canon", "md_revised": "2013-09-23T12:45:00Z", "md_created": "2013-08-30T18:46:00Z", "ep_imports": "mathjax;qml;pl_generator;pl_interactive", "md_title": "Metody mno\u017cenia", "ep_recipient": "student", "md_subject": 1, "ep_version": "1.2", "md_language": "pl"}}, {"pk": 33, "model": "common.module", "fields": {"md_version": "1", "md_abstract": null, "md_license": "http://creativecommons.org/licenses/by/3.0/pl/legalcode", "md_content_id": "isjSpw24ML", "md_keywords": [], "ep_core_curriculum_entries": [38], "md_school": 4, "md_published": false, "ep_testing_content": true, "ep_content_status": "canon", "md_revised": "2013-09-23T12:46:00Z", "md_created": "2013-08-30T18:46:00Z", "ep_imports": "mathjax;qml;pl_generator;pl_interactive", "md_title": "Zadania", "ep_recipient": "student", "md_subject": 1, "ep_version": "1.2", "md_language": "pl"}}, {"pk": 34, "model": "common.module", "fields": {"md_version": "1", "md_abstract": null, "md_license": "http://creativecommons.org/licenses/by/3.0/pl/legalcode", "md_content_id": "iZhI7ppbS4", "md_keywords": [], "ep_core_curriculum_entries": [39], "md_school": 4, "md_published": false, "ep_testing_content": true, "ep_content_status": "canon", "md_revised": "2013-09-23T12:47:00Z", "md_created": "2013-08-05T18:02:00Z", "ep_imports": "mathjax;qml;pl_generator;pl_interactive", "md_title": "Wprowadzenie", "ep_recipient": "student", "md_subject": 1, "ep_version": "1.2", "md_language": "pl"}}, {"pk": 35, "model": "common.module", "fields": {"md_version": "1", "md_abstract": null, "md_license": "http://creativecommons.org/licenses/by/3.0/pl/legalcode", "md_content_id": "iN4totCdpl", "md_keywords": [], "ep_core_curriculum_entries": [40], "md_school": 4, "md_published": false, "ep_testing_content": true, "ep_content_status": "canon", "md_revised": "2013-09-23T12:49:00Z", "md_created": "2013-08-05T18:02:00Z", "ep_imports": "mathjax;qml;pl_generator;pl_interactive", "md_title": "Zadania cz. 1", "ep_recipient": "student", "md_subject": 1, "ep_version": "1.2", "md_language": "pl"}}, {"pk": 36, "model": "common.module", "fields": {"md_version": "1", "md_abstract": null, "md_license": "http://creativecommons.org/licenses/by/3.0/pl/legalcode", "md_content_id": "izzCaHKpcN", "md_keywords": [], "ep_core_curriculum_entries": [41], "md_school": 4, "md_published": false, "ep_testing_content": true, "ep_content_status": "canon", "md_revised": "2013-09-23T12:50:00Z", "md_created": "2013-08-05T18:02:00Z", "ep_imports": "mathjax;qml;pl_generator;pl_interactive", "md_title": "Zadania cz. 2", "ep_recipient": "student", "md_subject": 1, "ep_version": "1.2", "md_language": "pl"}}, {"pk": 37, "model": "common.module", "fields": {"md_version": "1", "md_abstract": null, "md_license": "http://creativecommons.org/licenses/by/3.0/pl/legalcode", "md_content_id": "iRN6FVApeg", "md_keywords": [], "ep_core_curriculum_entries": [42, 43, 44], "md_school": 7, "md_published": false, "ep_testing_content": true, "ep_content_status": "canon", "md_revised": "2014-05-21T11:35:00Z", "md_created": "2014-05-08T06:59:00Z", "ep_imports": "mathjax;qml;pl_generator;pl_interactive", "md_title": "25. Kwiat", "ep_recipient": "student", "md_subject": null, "ep_version": "1.5", "md_language": "pl"}}, {"pk": 1, "model": "common.subcollection", "fields": {"collection_variant": 2, "parent_collection": null, "md_title": "Szko\u0142a gimnazjalna - Matematyka 1", "order_value": 1}}, {"pk": 3, "model": "common.subcollection", "fields": {"collection_variant": 2, "parent_collection": 1, "md_title": "Po\u0142o\u017cenie punkt\u00f3w na p\u0142aszczy\u017anie", "order_value": 1}}, {"pk": 9, "model": "common.subcollection", "fields": {"collection_variant": 2, "parent_collection": 1, "md_title": "Symetria osiowa", "order_value": 2}}, {"pk": 16, "model": "common.subcollection", "fields": {"collection_variant": 17, "parent_collection": null, "md_title": "Szko\u0142a ponadgimnazjalna - Matematyka 1", "order_value": 1}}, {"pk": 18, "model": "common.subcollection", "fields": {"collection_variant": 17, "parent_collection": 16, "md_title": "Poj\u0119cie funkcji", "order_value": 1}}, {"pk": 21, "model": "common.subcollection", "fields": {"collection_variant": 17, "parent_collection": 18, "md_title": "Zbi\u00f3r zada\u0144", "order_value": 3}}, {"pk": 24, "model": "common.subcollection", "fields": {"collection_variant": 17, "parent_collection": 16, "md_title": "Dziedzina funkcji", "order_value": 2}}, {"pk": 27, "model": "common.subcollection", "fields": {"collection_variant": 17, "parent_collection": 24, "md_title": "Zbi\u00f3r zada\u0144", "order_value": 3}}, {"pk": 30, "model": "common.subcollection", "fields": {"collection_variant": 17, "parent_collection": 16, "md_title": "Argument i warto\u015b\u0107 funkcji. Miejsca zerowe funkcji liczbowej", "order_value": 3}}, {"pk": 34, "model": "common.subcollection", "fields": {"collection_variant": 17, "parent_collection": 30, "md_title": "Zbi\u00f3r zada\u0144", "order_value": 4}}, {"pk": 37, "model": "common.subcollection", "fields": {"collection_variant": 38, "parent_collection": null, "md_title": "Szko\u0142a podstawowa - Matematyka 4", "order_value": 1}}, {"pk": 39, "model": "common.subcollection", "fields": {"collection_variant": 38, "parent_collection": 37, "md_title": "Liczby naturalne na osi liczbowej", "order_value": 1}}, {"pk": 43, "model": "common.subcollection", "fields": {"collection_variant": 38, "parent_collection": 37, "md_title": "Mno\u017cenie pami\u0119ciowe liczb naturalnych", "order_value": 2}}, {"pk": 50, "model": "common.subcollection", "fields": {"collection_variant": 38, "parent_collection": 37, "md_title": "Por\u00f3wnywanie ilorazowe", "order_value": 3}}, {"pk": 54, "model": "common.subcollection", "fields": {"collection_variant": 55, "parent_collection": null, "md_title": "Kwiat", "order_value": 1}}, {"pk": 2, "model": "common.collection", "fields": {"root_collection": 1, "md_license": "http://creativecommons.org/licenses/by/3.0/pl/legalcode", "ep_environment_type": "normal", "ep_testing_content": true, "ep_stylesheet": "mathematics", "ep_version": "1.1", "ep_cover_type": null, "md_published": true, "md_language": "pl", "md_subtitle": "Odkryj, zrozum, zastosuj...", "md_version": "1", "variant": "student-canon", "ep_content_status": "canon", "md_created": "2013-09-03T16:44:00Z", "md_abstract": null, "md_content_id": "1287", "md_school": 7, "ep_imports": "mathjax;qml;pl_generator;pl_interactive", "md_revised": "2013-09-20T12:05:00Z", "md_keywords": [], "md_title": "Szko\u0142a gimnazjalna - Matematyka 1", "md_institution": null, "md_subject": 1, "ep_recipient": "student"}}, {"pk": 17, "model": "common.collection", "fields": {"root_collection": 16, "md_license": "http://creativecommons.org/licenses/by/3.0/pl/legalcode", "ep_environment_type": "normal", "ep_testing_content": true, "ep_stylesheet": "mathematics", "ep_version": "1.1", "ep_cover_type": null, "md_published": true, "md_language": "pl", "md_subtitle": "Odkryj, zrozum, zastosuj...", "md_version": "1", "variant": "student-canon", "ep_content_status": "canon", "md_created": "2013-09-04T13:00:00Z", "md_abstract": null, "md_content_id": "1309", "md_school": 10, "ep_imports": "mathjax;qml;pl_generator;pl_interactive", "md_revised": "2013-09-20T16:11:00Z", "md_keywords": [], "md_title": "Szko\u0142a ponadgimnazjalna - Matematyka 1", "md_institution": null, "md_subject": 1, "ep_recipient": "student"}}, {"pk": 38, "model": "common.collection", "fields": {"root_collection": 37, "md_license": "http://creativecommons.org/licenses/by/3.0/pl/legalcode", "ep_environment_type": "normal", "ep_testing_content": true, "ep_stylesheet": "mathematics", "ep_version": "1.1", "ep_cover_type": null, "md_published": true, "md_language": "pl", "md_subtitle": "Odkryj, zrozum, zastosuj...", "md_version": "1", "variant": "student-canon", "ep_content_status": "canon", "md_created": "2013-08-05T18:02:00Z", "md_abstract": null, "md_content_id": "1337", "md_school": 4, "ep_imports": "mathjax;qml;pl_generator;pl_interactive", "md_revised": "2013-09-23T12:50:00Z", "md_keywords": [], "md_title": "Szko\u0142a podstawowa - Matematyka 4", "md_institution": null, "md_subject": 1, "ep_recipient": "student"}}, {"pk": 55, "model": "common.collection", "fields": {"root_collection": 54, "md_license": "http://creativecommons.org/licenses/by/3.0/pl/legalcode", "ep_environment_type": "normal", "ep_testing_content": true, "ep_stylesheet": "biology", "ep_version": "1.1", "ep_cover_type": null, "md_published": true, "md_language": "pl", "md_subtitle": null, "md_version": "1", "variant": "student-canon", "ep_content_status": "canon", "md_created": "2014-05-08T06:59:00Z", "md_abstract": null, "md_content_id": "18586", "md_school": 7, "ep_imports": "mathjax;qml;pl_generator;pl_interactive", "md_revised": "2014-05-21T11:35:00Z", "md_keywords": [], "md_title": "Kwiat", "md_institution": null, "md_subject": null, "ep_recipient": "student"}}, {"pk": 4, "model": "common.moduleoccurrence", "fields": {"sub_collection": 3, "value": 1, "module": 1}}, {"pk": 5, "model": "common.moduleoccurrence", "fields": {"sub_collection": 3, "value": 2, "module": 2}}, {"pk": 6, "model": "common.moduleoccurrence", "fields": {"sub_collection": 3, "value": 3, "module": 3}}, {"pk": 7, "model": "common.moduleoccurrence", "fields": {"sub_collection": 3, "value": 4, "module": 4}}, {"pk": 8, "model": "common.moduleoccurrence", "fields": {"sub_collection": 3, "value": 5, "module": 5}}, {"pk": 10, "model": "common.moduleoccurrence", "fields": {"sub_collection": 9, "value": 1, "module": 6}}, {"pk": 11, "model": "common.moduleoccurrence", "fields": {"sub_collection": 9, "value": 2, "module": 7}}, {"pk": 12, "model": "common.moduleoccurrence", "fields": {"sub_collection": 9, "value": 3, "module": 8}}, {"pk": 13, "model": "common.moduleoccurrence", "fields": {"sub_collection": 9, "value": 4, "module": 9}}, {"pk": 14, "model": "common.moduleoccurrence", "fields": {"sub_collection": 9, "value": 5, "module": 10}}, {"pk": 15, "model": "common.moduleoccurrence", "fields": {"sub_collection": 9, "value": 6, "module": 11}}, {"pk": 19, "model": "common.moduleoccurrence", "fields": {"sub_collection": 18, "value": 1, "module": 12}}, {"pk": 20, "model": "common.moduleoccurrence", "fields": {"sub_collection": 18, "value": 2, "module": 13}}, {"pk": 22, "model": "common.moduleoccurrence", "fields": {"sub_collection": 21, "value": 1, "module": 14}}, {"pk": 23, "model": "common.moduleoccurrence", "fields": {"sub_collection": 21, "value": 2, "module": 15}}, {"pk": 25, "model": "common.moduleoccurrence", "fields": {"sub_collection": 24, "value": 1, "module": 16}}, {"pk": 26, "model": "common.moduleoccurrence", "fields": {"sub_collection": 24, "value": 2, "module": 17}}, {"pk": 28, "model": "common.moduleoccurrence", "fields": {"sub_collection": 27, "value": 1, "module": 18}}, {"pk": 29, "model": "common.moduleoccurrence", "fields": {"sub_collection": 27, "value": 2, "module": 19}}, {"pk": 31, "model": "common.moduleoccurrence", "fields": {"sub_collection": 30, "value": 1, "module": 20}}, {"pk": 32, "model": "common.moduleoccurrence", "fields": {"sub_collection": 30, "value": 2, "module": 21}}, {"pk": 33, "model": "common.moduleoccurrence", "fields": {"sub_collection": 30, "value": 3, "module": 22}}, {"pk": 35, "model": "common.moduleoccurrence", "fields": {"sub_collection": 34, "value": 1, "module": 23}}, {"pk": 36, "model": "common.moduleoccurrence", "fields": {"sub_collection": 34, "value": 2, "module": 24}}, {"pk": 40, "model": "common.moduleoccurrence", "fields": {"sub_collection": 39, "value": 1, "module": 25}}, {"pk": 41, "model": "common.moduleoccurrence", "fields": {"sub_collection": 39, "value": 2, "module": 26}}, {"pk": 42, "model": "common.moduleoccurrence", "fields": {"sub_collection": 39, "value": 3, "module": 27}}, {"pk": 44, "model": "common.moduleoccurrence", "fields": {"sub_collection": 43, "value": 1, "module": 28}}, {"pk": 45, "model": "common.moduleoccurrence", "fields": {"sub_collection": 43, "value": 2, "module": 29}}, {"pk": 46, "model": "common.moduleoccurrence", "fields": {"sub_collection": 43, "value": 3, "module": 30}}, {"pk": 47, "model": "common.moduleoccurrence", "fields": {"sub_collection": 43, "value": 4, "module": 31}}, {"pk": 48, "model": "common.moduleoccurrence", "fields": {"sub_collection": 43, "value": 5, "module": 32}}, {"pk": 49, "model": "common.moduleoccurrence", "fields": {"sub_collection": 43, "value": 6, "module": 33}}, {"pk": 51, "model": "common.moduleoccurrence", "fields": {"sub_collection": 50, "value": 1, "module": 34}}, {"pk": 52, "model": "common.moduleoccurrence", "fields": {"sub_collection": 50, "value": 2, "module": 35}}, {"pk": 53, "model": "common.moduleoccurrence", "fields": {"sub_collection": 50, "value": 3, "module": 36}}, {"pk": 56, "model": "common.moduleoccurrence", "fields": {"sub_collection": 54, "value": 1, "module": 37}}, {"pk": 1, "model": "common.authorordermodule", "fields": {"metadata": 1, "order": 0, "author": 1}}, {"pk": 2, "model": "common.authorordermodule", "fields": {"metadata": 1, "order": 1, "author": 2}}, {"pk": 3, "model": "common.authorordermodule", "fields": {"metadata": 1, "order": 2, "author": 3}}, {"pk": 4, "model": "common.authorordermodule", "fields": {"metadata": 1, "order": 3, "author": 4}}, {"pk": 5, "model": "common.authorordermodule", "fields": {"metadata": 1, "order": 4, "author": 5}}, {"pk": 6, "model": "common.authorordermodule", "fields": {"metadata": 1, "order": 5, "author": 6}}, {"pk": 7, "model": "common.authorordermodule", "fields": {"metadata": 1, "order": 6, "author": 39}}, {"pk": 8, "model": "common.authorordermodule", "fields": {"metadata": 1, "order": 7, "author": 8}}, {"pk": 9, "model": "common.authorordermodule", "fields": {"metadata": 1, "order": 8, "author": 9}}, {"pk": 10, "model": "common.authorordermodule", "fields": {"metadata": 1, "order": 9, "author": 10}}, {"pk": 11, "model": "common.authorordermodule", "fields": {"metadata": 1, "order": 10, "author": 11}}, {"pk": 12, "model": "common.authorordermodule", "fields": {"metadata": 1, "order": 11, "author": 40}}, {"pk": 13, "model": "common.authorordermodule", "fields": {"metadata": 1, "order": 12, "author": 41}}, {"pk": 14, "model": "common.authorordermodule", "fields": {"metadata": 1, "order": 13, "author": 14}}, {"pk": 15, "model": "common.authorordermodule", "fields": {"metadata": 1, "order": 14, "author": 15}}, {"pk": 16, "model": "common.authorordermodule", "fields": {"metadata": 1, "order": 15, "author": 16}}, {"pk": 17, "model": "common.authorordermodule", "fields": {"metadata": 1, "order": 16, "author": 17}}, {"pk": 18, "model": "common.authorordermodule", "fields": {"metadata": 1, "order": 17, "author": 18}}, {"pk": 19, "model": "common.authorordermodule", "fields": {"metadata": 1, "order": 18, "author": 19}}, {"pk": 20, "model": "common.authorordermodule", "fields": {"metadata": 1, "order": 19, "author": 20}}, {"pk": 21, "model": "common.authorordermodule", "fields": {"metadata": 1, "order": 20, "author": 21}}, {"pk": 22, "model": "common.authorordermodule", "fields": {"metadata": 1, "order": 21, "author": 22}}, {"pk": 23, "model": "common.authorordermodule", "fields": {"metadata": 1, "order": 22, "author": 23}}, {"pk": 24, "model": "common.authorordermodule", "fields": {"metadata": 1, "order": 23, "author": 24}}, {"pk": 25, "model": "common.authorordermodule", "fields": {"metadata": 1, "order": 24, "author": 42}}, {"pk": 26, "model": "common.authorordermodule", "fields": {"metadata": 1, "order": 25, "author": 26}}, {"pk": 27, "model": "common.authorordermodule", "fields": {"metadata": 1, "order": 26, "author": 27}}, {"pk": 28, "model": "common.authorordermodule", "fields": {"metadata": 1, "order": 27, "author": 28}}, {"pk": 29, "model": "common.authorordermodule", "fields": {"metadata": 1, "order": 28, "author": 29}}, {"pk": 30, "model": "common.authorordermodule", "fields": {"metadata": 1, "order": 29, "author": 30}}, {"pk": 31, "model": "common.authorordermodule", "fields": {"metadata": 1, "order": 30, "author": 43}}, {"pk": 32, "model": "common.authorordermodule", "fields": {"metadata": 1, "order": 31, "author": 32}}, {"pk": 33, "model": "common.authorordermodule", "fields": {"metadata": 1, "order": 32, "author": 33}}, {"pk": 34, "model": "common.authorordermodule", "fields": {"metadata": 1, "order": 33, "author": 34}}, {"pk": 35, "model": "common.authorordermodule", "fields": {"metadata": 1, "order": 34, "author": 35}}, {"pk": 36, "model": "common.authorordermodule", "fields": {"metadata": 1, "order": 35, "author": 36}}, {"pk": 37, "model": "common.authorordermodule", "fields": {"metadata": 1, "order": 36, "author": 37}}, {"pk": 38, "model": "common.authorordermodule", "fields": {"metadata": 1, "order": 37, "author": 38}}, {"pk": 39, "model": "common.authorordermodule", "fields": {"metadata": 2, "order": 0, "author": 1}}, {"pk": 40, "model": "common.authorordermodule", "fields": {"metadata": 2, "order": 1, "author": 2}}, {"pk": 41, "model": "common.authorordermodule", "fields": {"metadata": 2, "order": 2, "author": 3}}, {"pk": 42, "model": "common.authorordermodule", "fields": {"metadata": 2, "order": 3, "author": 4}}, {"pk": 43, "model": "common.authorordermodule", "fields": {"metadata": 2, "order": 4, "author": 5}}, {"pk": 44, "model": "common.authorordermodule", "fields": {"metadata": 2, "order": 5, "author": 6}}, {"pk": 45, "model": "common.authorordermodule", "fields": {"metadata": 2, "order": 6, "author": 39}}, {"pk": 46, "model": "common.authorordermodule", "fields": {"metadata": 2, "order": 7, "author": 8}}, {"pk": 47, "model": "common.authorordermodule", "fields": {"metadata": 2, "order": 8, "author": 9}}, {"pk": 48, "model": "common.authorordermodule", "fields": {"metadata": 2, "order": 9, "author": 10}}, {"pk": 49, "model": "common.authorordermodule", "fields": {"metadata": 2, "order": 10, "author": 11}}, {"pk": 50, "model": "common.authorordermodule", "fields": {"metadata": 2, "order": 11, "author": 40}}, {"pk": 51, "model": "common.authorordermodule", "fields": {"metadata": 2, "order": 12, "author": 41}}, {"pk": 52, "model": "common.authorordermodule", "fields": {"metadata": 2, "order": 13, "author": 14}}, {"pk": 53, "model": "common.authorordermodule", "fields": {"metadata": 2, "order": 14, "author": 15}}, {"pk": 54, "model": "common.authorordermodule", "fields": {"metadata": 2, "order": 15, "author": 16}}, {"pk": 55, "model": "common.authorordermodule", "fields": {"metadata": 2, "order": 16, "author": 17}}, {"pk": 56, "model": "common.authorordermodule", "fields": {"metadata": 2, "order": 17, "author": 18}}, {"pk": 57, "model": "common.authorordermodule", "fields": {"metadata": 2, "order": 18, "author": 19}}, {"pk": 58, "model": "common.authorordermodule", "fields": {"metadata": 2, "order": 19, "author": 20}}, {"pk": 59, "model": "common.authorordermodule", "fields": {"metadata": 2, "order": 20, "author": 21}}, {"pk": 60, "model": "common.authorordermodule", "fields": {"metadata": 2, "order": 21, "author": 22}}, {"pk": 61, "model": "common.authorordermodule", "fields": {"metadata": 2, "order": 22, "author": 23}}, {"pk": 62, "model": "common.authorordermodule", "fields": {"metadata": 2, "order": 23, "author": 24}}, {"pk": 63, "model": "common.authorordermodule", "fields": {"metadata": 2, "order": 24, "author": 42}}, {"pk": 64, "model": "common.authorordermodule", "fields": {"metadata": 2, "order": 25, "author": 26}}, {"pk": 65, "model": "common.authorordermodule", "fields": {"metadata": 2, "order": 26, "author": 27}}, {"pk": 66, "model": "common.authorordermodule", "fields": {"metadata": 2, "order": 27, "author": 28}}, {"pk": 67, "model": "common.authorordermodule", "fields": {"metadata": 2, "order": 28, "author": 29}}, {"pk": 68, "model": "common.authorordermodule", "fields": {"metadata": 2, "order": 29, "author": 30}}, {"pk": 69, "model": "common.authorordermodule", "fields": {"metadata": 2, "order": 30, "author": 43}}, {"pk": 70, "model": "common.authorordermodule", "fields": {"metadata": 2, "order": 31, "author": 32}}, {"pk": 71, "model": "common.authorordermodule", "fields": {"metadata": 2, "order": 32, "author": 33}}, {"pk": 72, "model": "common.authorordermodule", "fields": {"metadata": 2, "order": 33, "author": 34}}, {"pk": 73, "model": "common.authorordermodule", "fields": {"metadata": 2, "order": 34, "author": 35}}, {"pk": 74, "model": "common.authorordermodule", "fields": {"metadata": 2, "order": 35, "author": 36}}, {"pk": 75, "model": "common.authorordermodule", "fields": {"metadata": 2, "order": 36, "author": 37}}, {"pk": 76, "model": "common.authorordermodule", "fields": {"metadata": 2, "order": 37, "author": 38}}, {"pk": 77, "model": "common.authorordermodule", "fields": {"metadata": 3, "order": 0, "author": 1}}, {"pk": 78, "model": "common.authorordermodule", "fields": {"metadata": 3, "order": 1, "author": 2}}, {"pk": 79, "model": "common.authorordermodule", "fields": {"metadata": 3, "order": 2, "author": 3}}, {"pk": 80, "model": "common.authorordermodule", "fields": {"metadata": 3, "order": 3, "author": 4}}, {"pk": 81, "model": "common.authorordermodule", "fields": {"metadata": 3, "order": 4, "author": 5}}, {"pk": 82, "model": "common.authorordermodule", "fields": {"metadata": 3, "order": 5, "author": 6}}, {"pk": 83, "model": "common.authorordermodule", "fields": {"metadata": 3, "order": 6, "author": 39}}, {"pk": 84, "model": "common.authorordermodule", "fields": {"metadata": 3, "order": 7, "author": 8}}, {"pk": 85, "model": "common.authorordermodule", "fields": {"metadata": 3, "order": 8, "author": 9}}, {"pk": 86, "model": "common.authorordermodule", "fields": {"metadata": 3, "order": 9, "author": 10}}, {"pk": 87, "model": "common.authorordermodule", "fields": {"metadata": 3, "order": 10, "author": 11}}, {"pk": 88, "model": "common.authorordermodule", "fields": {"metadata": 3, "order": 11, "author": 40}}, {"pk": 89, "model": "common.authorordermodule", "fields": {"metadata": 3, "order": 12, "author": 41}}, {"pk": 90, "model": "common.authorordermodule", "fields": {"metadata": 3, "order": 13, "author": 14}}, {"pk": 91, "model": "common.authorordermodule", "fields": {"metadata": 3, "order": 14, "author": 15}}, {"pk": 92, "model": "common.authorordermodule", "fields": {"metadata": 3, "order": 15, "author": 16}}, {"pk": 93, "model": "common.authorordermodule", "fields": {"metadata": 3, "order": 16, "author": 17}}, {"pk": 94, "model": "common.authorordermodule", "fields": {"metadata": 3, "order": 17, "author": 18}}, {"pk": 95, "model": "common.authorordermodule", "fields": {"metadata": 3, "order": 18, "author": 19}}, {"pk": 96, "model": "common.authorordermodule", "fields": {"metadata": 3, "order": 19, "author": 20}}, {"pk": 97, "model": "common.authorordermodule", "fields": {"metadata": 3, "order": 20, "author": 21}}, {"pk": 98, "model": "common.authorordermodule", "fields": {"metadata": 3, "order": 21, "author": 22}}, {"pk": 99, "model": "common.authorordermodule", "fields": {"metadata": 3, "order": 22, "author": 23}}, {"pk": 100, "model": "common.authorordermodule", "fields": {"metadata": 3, "order": 23, "author": 24}}, {"pk": 101, "model": "common.authorordermodule", "fields": {"metadata": 3, "order": 24, "author": 42}}, {"pk": 102, "model": "common.authorordermodule", "fields": {"metadata": 3, "order": 25, "author": 26}}, {"pk": 103, "model": "common.authorordermodule", "fields": {"metadata": 3, "order": 26, "author": 27}}, {"pk": 104, "model": "common.authorordermodule", "fields": {"metadata": 3, "order": 27, "author": 28}}, {"pk": 105, "model": "common.authorordermodule", "fields": {"metadata": 3, "order": 28, "author": 29}}, {"pk": 106, "model": "common.authorordermodule", "fields": {"metadata": 3, "order": 29, "author": 30}}, {"pk": 107, "model": "common.authorordermodule", "fields": {"metadata": 3, "order": 30, "author": 43}}, {"pk": 108, "model": "common.authorordermodule", "fields": {"metadata": 3, "order": 31, "author": 32}}, {"pk": 109, "model": "common.authorordermodule", "fields": {"metadata": 3, "order": 32, "author": 33}}, {"pk": 110, "model": "common.authorordermodule", "fields": {"metadata": 3, "order": 33, "author": 34}}, {"pk": 111, "model": "common.authorordermodule", "fields": {"metadata": 3, "order": 34, "author": 35}}, {"pk": 112, "model": "common.authorordermodule", "fields": {"metadata": 3, "order": 35, "author": 36}}, {"pk": 113, "model": "common.authorordermodule", "fields": {"metadata": 3, "order": 36, "author": 37}}, {"pk": 114, "model": "common.authorordermodule", "fields": {"metadata": 3, "order": 37, "author": 38}}, {"pk": 115, "model": "common.authorordermodule", "fields": {"metadata": 4, "order": 0, "author": 1}}, {"pk": 116, "model": "common.authorordermodule", "fields": {"metadata": 4, "order": 1, "author": 2}}, {"pk": 117, "model": "common.authorordermodule", "fields": {"metadata": 4, "order": 2, "author": 3}}, {"pk": 118, "model": "common.authorordermodule", "fields": {"metadata": 4, "order": 3, "author": 4}}, {"pk": 119, "model": "common.authorordermodule", "fields": {"metadata": 4, "order": 4, "author": 5}}, {"pk": 120, "model": "common.authorordermodule", "fields": {"metadata": 4, "order": 5, "author": 6}}, {"pk": 121, "model": "common.authorordermodule", "fields": {"metadata": 4, "order": 6, "author": 39}}, {"pk": 122, "model": "common.authorordermodule", "fields": {"metadata": 4, "order": 7, "author": 8}}, {"pk": 123, "model": "common.authorordermodule", "fields": {"metadata": 4, "order": 8, "author": 9}}, {"pk": 124, "model": "common.authorordermodule", "fields": {"metadata": 4, "order": 9, "author": 10}}, {"pk": 125, "model": "common.authorordermodule", "fields": {"metadata": 4, "order": 10, "author": 11}}, {"pk": 126, "model": "common.authorordermodule", "fields": {"metadata": 4, "order": 11, "author": 40}}, {"pk": 127, "model": "common.authorordermodule", "fields": {"metadata": 4, "order": 12, "author": 41}}, {"pk": 128, "model": "common.authorordermodule", "fields": {"metadata": 4, "order": 13, "author": 14}}, {"pk": 129, "model": "common.authorordermodule", "fields": {"metadata": 4, "order": 14, "author": 15}}, {"pk": 130, "model": "common.authorordermodule", "fields": {"metadata": 4, "order": 15, "author": 16}}, {"pk": 131, "model": "common.authorordermodule", "fields": {"metadata": 4, "order": 16, "author": 17}}, {"pk": 132, "model": "common.authorordermodule", "fields": {"metadata": 4, "order": 17, "author": 18}}, {"pk": 133, "model": "common.authorordermodule", "fields": {"metadata": 4, "order": 18, "author": 19}}, {"pk": 134, "model": "common.authorordermodule", "fields": {"metadata": 4, "order": 19, "author": 20}}, {"pk": 135, "model": "common.authorordermodule", "fields": {"metadata": 4, "order": 20, "author": 21}}, {"pk": 136, "model": "common.authorordermodule", "fields": {"metadata": 4, "order": 21, "author": 22}}, {"pk": 137, "model": "common.authorordermodule", "fields": {"metadata": 4, "order": 22, "author": 23}}, {"pk": 138, "model": "common.authorordermodule", "fields": {"metadata": 4, "order": 23, "author": 24}}, {"pk": 139, "model": "common.authorordermodule", "fields": {"metadata": 4, "order": 24, "author": 42}}, {"pk": 140, "model": "common.authorordermodule", "fields": {"metadata": 4, "order": 25, "author": 26}}, {"pk": 141, "model": "common.authorordermodule", "fields": {"metadata": 4, "order": 26, "author": 27}}, {"pk": 142, "model": "common.authorordermodule", "fields": {"metadata": 4, "order": 27, "author": 28}}, {"pk": 143, "model": "common.authorordermodule", "fields": {"metadata": 4, "order": 28, "author": 29}}, {"pk": 144, "model": "common.authorordermodule", "fields": {"metadata": 4, "order": 29, "author": 30}}, {"pk": 145, "model": "common.authorordermodule", "fields": {"metadata": 4, "order": 30, "author": 43}}, {"pk": 146, "model": "common.authorordermodule", "fields": {"metadata": 4, "order": 31, "author": 32}}, {"pk": 147, "model": "common.authorordermodule", "fields": {"metadata": 4, "order": 32, "author": 33}}, {"pk": 148, "model": "common.authorordermodule", "fields": {"metadata": 4, "order": 33, "author": 34}}, {"pk": 149, "model": "common.authorordermodule", "fields": {"metadata": 4, "order": 34, "author": 35}}, {"pk": 150, "model": "common.authorordermodule", "fields": {"metadata": 4, "order": 35, "author": 36}}, {"pk": 151, "model": "common.authorordermodule", "fields": {"metadata": 4, "order": 36, "author": 37}}, {"pk": 152, "model": "common.authorordermodule", "fields": {"metadata": 4, "order": 37, "author": 38}}, {"pk": 153, "model": "common.authorordermodule", "fields": {"metadata": 5, "order": 0, "author": 1}}, {"pk": 154, "model": "common.authorordermodule", "fields": {"metadata": 5, "order": 1, "author": 2}}, {"pk": 155, "model": "common.authorordermodule", "fields": {"metadata": 5, "order": 2, "author": 3}}, {"pk": 156, "model": "common.authorordermodule", "fields": {"metadata": 5, "order": 3, "author": 4}}, {"pk": 157, "model": "common.authorordermodule", "fields": {"metadata": 5, "order": 4, "author": 5}}, {"pk": 158, "model": "common.authorordermodule", "fields": {"metadata": 5, "order": 5, "author": 6}}, {"pk": 159, "model": "common.authorordermodule", "fields": {"metadata": 5, "order": 6, "author": 39}}, {"pk": 160, "model": "common.authorordermodule", "fields": {"metadata": 5, "order": 7, "author": 8}}, {"pk": 161, "model": "common.authorordermodule", "fields": {"metadata": 5, "order": 8, "author": 9}}, {"pk": 162, "model": "common.authorordermodule", "fields": {"metadata": 5, "order": 9, "author": 10}}, {"pk": 163, "model": "common.authorordermodule", "fields": {"metadata": 5, "order": 10, "author": 11}}, {"pk": 164, "model": "common.authorordermodule", "fields": {"metadata": 5, "order": 11, "author": 40}}, {"pk": 165, "model": "common.authorordermodule", "fields": {"metadata": 5, "order": 12, "author": 41}}, {"pk": 166, "model": "common.authorordermodule", "fields": {"metadata": 5, "order": 13, "author": 14}}, {"pk": 167, "model": "common.authorordermodule", "fields": {"metadata": 5, "order": 14, "author": 15}}, {"pk": 168, "model": "common.authorordermodule", "fields": {"metadata": 5, "order": 15, "author": 16}}, {"pk": 169, "model": "common.authorordermodule", "fields": {"metadata": 5, "order": 16, "author": 17}}, {"pk": 170, "model": "common.authorordermodule", "fields": {"metadata": 5, "order": 17, "author": 18}}, {"pk": 171, "model": "common.authorordermodule", "fields": {"metadata": 5, "order": 18, "author": 19}}, {"pk": 172, "model": "common.authorordermodule", "fields": {"metadata": 5, "order": 19, "author": 20}}, {"pk": 173, "model": "common.authorordermodule", "fields": {"metadata": 5, "order": 20, "author": 21}}, {"pk": 174, "model": "common.authorordermodule", "fields": {"metadata": 5, "order": 21, "author": 22}}, {"pk": 175, "model": "common.authorordermodule", "fields": {"metadata": 5, "order": 22, "author": 23}}, {"pk": 176, "model": "common.authorordermodule", "fields": {"metadata": 5, "order": 23, "author": 24}}, {"pk": 177, "model": "common.authorordermodule", "fields": {"metadata": 5, "order": 24, "author": 42}}, {"pk": 178, "model": "common.authorordermodule", "fields": {"metadata": 5, "order": 25, "author": 26}}, {"pk": 179, "model": "common.authorordermodule", "fields": {"metadata": 5, "order": 26, "author": 27}}, {"pk": 180, "model": "common.authorordermodule", "fields": {"metadata": 5, "order": 27, "author": 28}}, {"pk": 181, "model": "common.authorordermodule", "fields": {"metadata": 5, "order": 28, "author": 29}}, {"pk": 182, "model": "common.authorordermodule", "fields": {"metadata": 5, "order": 29, "author": 30}}, {"pk": 183, "model": "common.authorordermodule", "fields": {"metadata": 5, "order": 30, "author": 43}}, {"pk": 184, "model": "common.authorordermodule", "fields": {"metadata": 5, "order": 31, "author": 32}}, {"pk": 185, "model": "common.authorordermodule", "fields": {"metadata": 5, "order": 32, "author": 33}}, {"pk": 186, "model": "common.authorordermodule", "fields": {"metadata": 5, "order": 33, "author": 34}}, {"pk": 187, "model": "common.authorordermodule", "fields": {"metadata": 5, "order": 34, "author": 35}}, {"pk": 188, "model": "common.authorordermodule", "fields": {"metadata": 5, "order": 35, "author": 36}}, {"pk": 189, "model": "common.authorordermodule", "fields": {"metadata": 5, "order": 36, "author": 37}}, {"pk": 190, "model": "common.authorordermodule", "fields": {"metadata": 5, "order": 37, "author": 38}}, {"pk": 191, "model": "common.authorordermodule", "fields": {"metadata": 6, "order": 0, "author": 1}}, {"pk": 192, "model": "common.authorordermodule", "fields": {"metadata": 6, "order": 1, "author": 2}}, {"pk": 193, "model": "common.authorordermodule", "fields": {"metadata": 6, "order": 2, "author": 3}}, {"pk": 194, "model": "common.authorordermodule", "fields": {"metadata": 6, "order": 3, "author": 4}}, {"pk": 195, "model": "common.authorordermodule", "fields": {"metadata": 6, "order": 4, "author": 5}}, {"pk": 196, "model": "common.authorordermodule", "fields": {"metadata": 6, "order": 5, "author": 6}}, {"pk": 197, "model": "common.authorordermodule", "fields": {"metadata": 6, "order": 6, "author": 39}}, {"pk": 198, "model": "common.authorordermodule", "fields": {"metadata": 6, "order": 7, "author": 8}}, {"pk": 199, "model": "common.authorordermodule", "fields": {"metadata": 6, "order": 8, "author": 9}}, {"pk": 200, "model": "common.authorordermodule", "fields": {"metadata": 6, "order": 9, "author": 10}}, {"pk": 201, "model": "common.authorordermodule", "fields": {"metadata": 6, "order": 10, "author": 11}}, {"pk": 202, "model": "common.authorordermodule", "fields": {"metadata": 6, "order": 11, "author": 40}}, {"pk": 203, "model": "common.authorordermodule", "fields": {"metadata": 6, "order": 12, "author": 41}}, {"pk": 204, "model": "common.authorordermodule", "fields": {"metadata": 6, "order": 13, "author": 14}}, {"pk": 205, "model": "common.authorordermodule", "fields": {"metadata": 6, "order": 14, "author": 15}}, {"pk": 206, "model": "common.authorordermodule", "fields": {"metadata": 6, "order": 15, "author": 16}}, {"pk": 207, "model": "common.authorordermodule", "fields": {"metadata": 6, "order": 16, "author": 17}}, {"pk": 208, "model": "common.authorordermodule", "fields": {"metadata": 6, "order": 17, "author": 18}}, {"pk": 209, "model": "common.authorordermodule", "fields": {"metadata": 6, "order": 18, "author": 19}}, {"pk": 210, "model": "common.authorordermodule", "fields": {"metadata": 6, "order": 19, "author": 20}}, {"pk": 211, "model": "common.authorordermodule", "fields": {"metadata": 6, "order": 20, "author": 21}}, {"pk": 212, "model": "common.authorordermodule", "fields": {"metadata": 6, "order": 21, "author": 22}}, {"pk": 213, "model": "common.authorordermodule", "fields": {"metadata": 6, "order": 22, "author": 23}}, {"pk": 214, "model": "common.authorordermodule", "fields": {"metadata": 6, "order": 23, "author": 24}}, {"pk": 215, "model": "common.authorordermodule", "fields": {"metadata": 6, "order": 24, "author": 42}}, {"pk": 216, "model": "common.authorordermodule", "fields": {"metadata": 6, "order": 25, "author": 26}}, {"pk": 217, "model": "common.authorordermodule", "fields": {"metadata": 6, "order": 26, "author": 27}}, {"pk": 218, "model": "common.authorordermodule", "fields": {"metadata": 6, "order": 27, "author": 28}}, {"pk": 219, "model": "common.authorordermodule", "fields": {"metadata": 6, "order": 28, "author": 29}}, {"pk": 220, "model": "common.authorordermodule", "fields": {"metadata": 6, "order": 29, "author": 30}}, {"pk": 221, "model": "common.authorordermodule", "fields": {"metadata": 6, "order": 30, "author": 43}}, {"pk": 222, "model": "common.authorordermodule", "fields": {"metadata": 6, "order": 31, "author": 32}}, {"pk": 223, "model": "common.authorordermodule", "fields": {"metadata": 6, "order": 32, "author": 33}}, {"pk": 224, "model": "common.authorordermodule", "fields": {"metadata": 6, "order": 33, "author": 34}}, {"pk": 225, "model": "common.authorordermodule", "fields": {"metadata": 6, "order": 34, "author": 35}}, {"pk": 226, "model": "common.authorordermodule", "fields": {"metadata": 6, "order": 35, "author": 36}}, {"pk": 227, "model": "common.authorordermodule", "fields": {"metadata": 6, "order": 36, "author": 37}}, {"pk": 228, "model": "common.authorordermodule", "fields": {"metadata": 6, "order": 37, "author": 38}}, {"pk": 229, "model": "common.authorordermodule", "fields": {"metadata": 7, "order": 0, "author": 1}}, {"pk": 230, "model": "common.authorordermodule", "fields": {"metadata": 7, "order": 1, "author": 2}}, {"pk": 231, "model": "common.authorordermodule", "fields": {"metadata": 7, "order": 2, "author": 3}}, {"pk": 232, "model": "common.authorordermodule", "fields": {"metadata": 7, "order": 3, "author": 4}}, {"pk": 233, "model": "common.authorordermodule", "fields": {"metadata": 7, "order": 4, "author": 5}}, {"pk": 234, "model": "common.authorordermodule", "fields": {"metadata": 7, "order": 5, "author": 6}}, {"pk": 235, "model": "common.authorordermodule", "fields": {"metadata": 7, "order": 6, "author": 39}}, {"pk": 236, "model": "common.authorordermodule", "fields": {"metadata": 7, "order": 7, "author": 8}}, {"pk": 237, "model": "common.authorordermodule", "fields": {"metadata": 7, "order": 8, "author": 9}}, {"pk": 238, "model": "common.authorordermodule", "fields": {"metadata": 7, "order": 9, "author": 10}}, {"pk": 239, "model": "common.authorordermodule", "fields": {"metadata": 7, "order": 10, "author": 11}}, {"pk": 240, "model": "common.authorordermodule", "fields": {"metadata": 7, "order": 11, "author": 40}}, {"pk": 241, "model": "common.authorordermodule", "fields": {"metadata": 7, "order": 12, "author": 41}}, {"pk": 242, "model": "common.authorordermodule", "fields": {"metadata": 7, "order": 13, "author": 14}}, {"pk": 243, "model": "common.authorordermodule", "fields": {"metadata": 7, "order": 14, "author": 15}}, {"pk": 244, "model": "common.authorordermodule", "fields": {"metadata": 7, "order": 15, "author": 16}}, {"pk": 245, "model": "common.authorordermodule", "fields": {"metadata": 7, "order": 16, "author": 17}}, {"pk": 246, "model": "common.authorordermodule", "fields": {"metadata": 7, "order": 17, "author": 18}}, {"pk": 247, "model": "common.authorordermodule", "fields": {"metadata": 7, "order": 18, "author": 19}}, {"pk": 248, "model": "common.authorordermodule", "fields": {"metadata": 7, "order": 19, "author": 20}}, {"pk": 249, "model": "common.authorordermodule", "fields": {"metadata": 7, "order": 20, "author": 21}}, {"pk": 250, "model": "common.authorordermodule", "fields": {"metadata": 7, "order": 21, "author": 22}}, {"pk": 251, "model": "common.authorordermodule", "fields": {"metadata": 7, "order": 22, "author": 23}}, {"pk": 252, "model": "common.authorordermodule", "fields": {"metadata": 7, "order": 23, "author": 24}}, {"pk": 253, "model": "common.authorordermodule", "fields": {"metadata": 7, "order": 24, "author": 42}}, {"pk": 254, "model": "common.authorordermodule", "fields": {"metadata": 7, "order": 25, "author": 26}}, {"pk": 255, "model": "common.authorordermodule", "fields": {"metadata": 7, "order": 26, "author": 27}}, {"pk": 256, "model": "common.authorordermodule", "fields": {"metadata": 7, "order": 27, "author": 28}}, {"pk": 257, "model": "common.authorordermodule", "fields": {"metadata": 7, "order": 28, "author": 29}}, {"pk": 258, "model": "common.authorordermodule", "fields": {"metadata": 7, "order": 29, "author": 30}}, {"pk": 259, "model": "common.authorordermodule", "fields": {"metadata": 7, "order": 30, "author": 43}}, {"pk": 260, "model": "common.authorordermodule", "fields": {"metadata": 7, "order": 31, "author": 32}}, {"pk": 261, "model": "common.authorordermodule", "fields": {"metadata": 7, "order": 32, "author": 33}}, {"pk": 262, "model": "common.authorordermodule", "fields": {"metadata": 7, "order": 33, "author": 34}}, {"pk": 263, "model": "common.authorordermodule", "fields": {"metadata": 7, "order": 34, "author": 35}}, {"pk": 264, "model": "common.authorordermodule", "fields": {"metadata": 7, "order": 35, "author": 36}}, {"pk": 265, "model": "common.authorordermodule", "fields": {"metadata": 7, "order": 36, "author": 37}}, {"pk": 266, "model": "common.authorordermodule", "fields": {"metadata": 7, "order": 37, "author": 38}}, {"pk": 267, "model": "common.authorordermodule", "fields": {"metadata": 8, "order": 0, "author": 1}}, {"pk": 268, "model": "common.authorordermodule", "fields": {"metadata": 8, "order": 1, "author": 2}}, {"pk": 269, "model": "common.authorordermodule", "fields": {"metadata": 8, "order": 2, "author": 3}}, {"pk": 270, "model": "common.authorordermodule", "fields": {"metadata": 8, "order": 3, "author": 4}}, {"pk": 271, "model": "common.authorordermodule", "fields": {"metadata": 8, "order": 4, "author": 5}}, {"pk": 272, "model": "common.authorordermodule", "fields": {"metadata": 8, "order": 5, "author": 6}}, {"pk": 273, "model": "common.authorordermodule", "fields": {"metadata": 8, "order": 6, "author": 39}}, {"pk": 274, "model": "common.authorordermodule", "fields": {"metadata": 8, "order": 7, "author": 8}}, {"pk": 275, "model": "common.authorordermodule", "fields": {"metadata": 8, "order": 8, "author": 9}}, {"pk": 276, "model": "common.authorordermodule", "fields": {"metadata": 8, "order": 9, "author": 10}}, {"pk": 277, "model": "common.authorordermodule", "fields": {"metadata": 8, "order": 10, "author": 11}}, {"pk": 278, "model": "common.authorordermodule", "fields": {"metadata": 8, "order": 11, "author": 40}}, {"pk": 279, "model": "common.authorordermodule", "fields": {"metadata": 8, "order": 12, "author": 41}}, {"pk": 280, "model": "common.authorordermodule", "fields": {"metadata": 8, "order": 13, "author": 14}}, {"pk": 281, "model": "common.authorordermodule", "fields": {"metadata": 8, "order": 14, "author": 15}}, {"pk": 282, "model": "common.authorordermodule", "fields": {"metadata": 8, "order": 15, "author": 16}}, {"pk": 283, "model": "common.authorordermodule", "fields": {"metadata": 8, "order": 16, "author": 17}}, {"pk": 284, "model": "common.authorordermodule", "fields": {"metadata": 8, "order": 17, "author": 18}}, {"pk": 285, "model": "common.authorordermodule", "fields": {"metadata": 8, "order": 18, "author": 19}}, {"pk": 286, "model": "common.authorordermodule", "fields": {"metadata": 8, "order": 19, "author": 20}}, {"pk": 287, "model": "common.authorordermodule", "fields": {"metadata": 8, "order": 20, "author": 21}}, {"pk": 288, "model": "common.authorordermodule", "fields": {"metadata": 8, "order": 21, "author": 22}}, {"pk": 289, "model": "common.authorordermodule", "fields": {"metadata": 8, "order": 22, "author": 23}}, {"pk": 290, "model": "common.authorordermodule", "fields": {"metadata": 8, "order": 23, "author": 24}}, {"pk": 291, "model": "common.authorordermodule", "fields": {"metadata": 8, "order": 24, "author": 42}}, {"pk": 292, "model": "common.authorordermodule", "fields": {"metadata": 8, "order": 25, "author": 26}}, {"pk": 293, "model": "common.authorordermodule", "fields": {"metadata": 8, "order": 26, "author": 27}}, {"pk": 294, "model": "common.authorordermodule", "fields": {"metadata": 8, "order": 27, "author": 28}}, {"pk": 295, "model": "common.authorordermodule", "fields": {"metadata": 8, "order": 28, "author": 29}}, {"pk": 296, "model": "common.authorordermodule", "fields": {"metadata": 8, "order": 29, "author": 30}}, {"pk": 297, "model": "common.authorordermodule", "fields": {"metadata": 8, "order": 30, "author": 43}}, {"pk": 298, "model": "common.authorordermodule", "fields": {"metadata": 8, "order": 31, "author": 32}}, {"pk": 299, "model": "common.authorordermodule", "fields": {"metadata": 8, "order": 32, "author": 33}}, {"pk": 300, "model": "common.authorordermodule", "fields": {"metadata": 8, "order": 33, "author": 34}}, {"pk": 301, "model": "common.authorordermodule", "fields": {"metadata": 8, "order": 34, "author": 35}}, {"pk": 302, "model": "common.authorordermodule", "fields": {"metadata": 8, "order": 35, "author": 36}}, {"pk": 303, "model": "common.authorordermodule", "fields": {"metadata": 8, "order": 36, "author": 37}}, {"pk": 304, "model": "common.authorordermodule", "fields": {"metadata": 8, "order": 37, "author": 38}}, {"pk": 305, "model": "common.authorordermodule", "fields": {"metadata": 9, "order": 0, "author": 1}}, {"pk": 306, "model": "common.authorordermodule", "fields": {"metadata": 9, "order": 1, "author": 2}}, {"pk": 307, "model": "common.authorordermodule", "fields": {"metadata": 9, "order": 2, "author": 3}}, {"pk": 308, "model": "common.authorordermodule", "fields": {"metadata": 9, "order": 3, "author": 4}}, {"pk": 309, "model": "common.authorordermodule", "fields": {"metadata": 9, "order": 4, "author": 5}}, {"pk": 310, "model": "common.authorordermodule", "fields": {"metadata": 9, "order": 5, "author": 6}}, {"pk": 311, "model": "common.authorordermodule", "fields": {"metadata": 9, "order": 6, "author": 39}}, {"pk": 312, "model": "common.authorordermodule", "fields": {"metadata": 9, "order": 7, "author": 8}}, {"pk": 313, "model": "common.authorordermodule", "fields": {"metadata": 9, "order": 8, "author": 9}}, {"pk": 314, "model": "common.authorordermodule", "fields": {"metadata": 9, "order": 9, "author": 10}}, {"pk": 315, "model": "common.authorordermodule", "fields": {"metadata": 9, "order": 10, "author": 11}}, {"pk": 316, "model": "common.authorordermodule", "fields": {"metadata": 9, "order": 11, "author": 40}}, {"pk": 317, "model": "common.authorordermodule", "fields": {"metadata": 9, "order": 12, "author": 41}}, {"pk": 318, "model": "common.authorordermodule", "fields": {"metadata": 9, "order": 13, "author": 14}}, {"pk": 319, "model": "common.authorordermodule", "fields": {"metadata": 9, "order": 14, "author": 15}}, {"pk": 320, "model": "common.authorordermodule", "fields": {"metadata": 9, "order": 15, "author": 16}}, {"pk": 321, "model": "common.authorordermodule", "fields": {"metadata": 9, "order": 16, "author": 17}}, {"pk": 322, "model": "common.authorordermodule", "fields": {"metadata": 9, "order": 17, "author": 18}}, {"pk": 323, "model": "common.authorordermodule", "fields": {"metadata": 9, "order": 18, "author": 19}}, {"pk": 324, "model": "common.authorordermodule", "fields": {"metadata": 9, "order": 19, "author": 20}}, {"pk": 325, "model": "common.authorordermodule", "fields": {"metadata": 9, "order": 20, "author": 21}}, {"pk": 326, "model": "common.authorordermodule", "fields": {"metadata": 9, "order": 21, "author": 22}}, {"pk": 327, "model": "common.authorordermodule", "fields": {"metadata": 9, "order": 22, "author": 23}}, {"pk": 328, "model": "common.authorordermodule", "fields": {"metadata": 9, "order": 23, "author": 24}}, {"pk": 329, "model": "common.authorordermodule", "fields": {"metadata": 9, "order": 24, "author": 42}}, {"pk": 330, "model": "common.authorordermodule", "fields": {"metadata": 9, "order": 25, "author": 26}}, {"pk": 331, "model": "common.authorordermodule", "fields": {"metadata": 9, "order": 26, "author": 27}}, {"pk": 332, "model": "common.authorordermodule", "fields": {"metadata": 9, "order": 27, "author": 28}}, {"pk": 333, "model": "common.authorordermodule", "fields": {"metadata": 9, "order": 28, "author": 29}}, {"pk": 334, "model": "common.authorordermodule", "fields": {"metadata": 9, "order": 29, "author": 30}}, {"pk": 335, "model": "common.authorordermodule", "fields": {"metadata": 9, "order": 30, "author": 43}}, {"pk": 336, "model": "common.authorordermodule", "fields": {"metadata": 9, "order": 31, "author": 32}}, {"pk": 337, "model": "common.authorordermodule", "fields": {"metadata": 9, "order": 32, "author": 33}}, {"pk": 338, "model": "common.authorordermodule", "fields": {"metadata": 9, "order": 33, "author": 34}}, {"pk": 339, "model": "common.authorordermodule", "fields": {"metadata": 9, "order": 34, "author": 35}}, {"pk": 340, "model": "common.authorordermodule", "fields": {"metadata": 9, "order": 35, "author": 36}}, {"pk": 341, "model": "common.authorordermodule", "fields": {"metadata": 9, "order": 36, "author": 37}}, {"pk": 342, "model": "common.authorordermodule", "fields": {"metadata": 9, "order": 37, "author": 38}}, {"pk": 343, "model": "common.authorordermodule", "fields": {"metadata": 10, "order": 0, "author": 1}}, {"pk": 344, "model": "common.authorordermodule", "fields": {"metadata": 10, "order": 1, "author": 2}}, {"pk": 345, "model": "common.authorordermodule", "fields": {"metadata": 10, "order": 2, "author": 3}}, {"pk": 346, "model": "common.authorordermodule", "fields": {"metadata": 10, "order": 3, "author": 4}}, {"pk": 347, "model": "common.authorordermodule", "fields": {"metadata": 10, "order": 4, "author": 5}}, {"pk": 348, "model": "common.authorordermodule", "fields": {"metadata": 10, "order": 5, "author": 6}}, {"pk": 349, "model": "common.authorordermodule", "fields": {"metadata": 10, "order": 6, "author": 39}}, {"pk": 350, "model": "common.authorordermodule", "fields": {"metadata": 10, "order": 7, "author": 8}}, {"pk": 351, "model": "common.authorordermodule", "fields": {"metadata": 10, "order": 8, "author": 9}}, {"pk": 352, "model": "common.authorordermodule", "fields": {"metadata": 10, "order": 9, "author": 10}}, {"pk": 353, "model": "common.authorordermodule", "fields": {"metadata": 10, "order": 10, "author": 11}}, {"pk": 354, "model": "common.authorordermodule", "fields": {"metadata": 10, "order": 11, "author": 40}}, {"pk": 355, "model": "common.authorordermodule", "fields": {"metadata": 10, "order": 12, "author": 41}}, {"pk": 356, "model": "common.authorordermodule", "fields": {"metadata": 10, "order": 13, "author": 14}}, {"pk": 357, "model": "common.authorordermodule", "fields": {"metadata": 10, "order": 14, "author": 15}}, {"pk": 358, "model": "common.authorordermodule", "fields": {"metadata": 10, "order": 15, "author": 16}}, {"pk": 359, "model": "common.authorordermodule", "fields": {"metadata": 10, "order": 16, "author": 17}}, {"pk": 360, "model": "common.authorordermodule", "fields": {"metadata": 10, "order": 17, "author": 18}}, {"pk": 361, "model": "common.authorordermodule", "fields": {"metadata": 10, "order": 18, "author": 19}}, {"pk": 362, "model": "common.authorordermodule", "fields": {"metadata": 10, "order": 19, "author": 20}}, {"pk": 363, "model": "common.authorordermodule", "fields": {"metadata": 10, "order": 20, "author": 21}}, {"pk": 364, "model": "common.authorordermodule", "fields": {"metadata": 10, "order": 21, "author": 22}}, {"pk": 365, "model": "common.authorordermodule", "fields": {"metadata": 10, "order": 22, "author": 23}}, {"pk": 366, "model": "common.authorordermodule", "fields": {"metadata": 10, "order": 23, "author": 24}}, {"pk": 367, "model": "common.authorordermodule", "fields": {"metadata": 10, "order": 24, "author": 42}}, {"pk": 368, "model": "common.authorordermodule", "fields": {"metadata": 10, "order": 25, "author": 26}}, {"pk": 369, "model": "common.authorordermodule", "fields": {"metadata": 10, "order": 26, "author": 27}}, {"pk": 370, "model": "common.authorordermodule", "fields": {"metadata": 10, "order": 27, "author": 28}}, {"pk": 371, "model": "common.authorordermodule", "fields": {"metadata": 10, "order": 28, "author": 29}}, {"pk": 372, "model": "common.authorordermodule", "fields": {"metadata": 10, "order": 29, "author": 30}}, {"pk": 373, "model": "common.authorordermodule", "fields": {"metadata": 10, "order": 30, "author": 43}}, {"pk": 374, "model": "common.authorordermodule", "fields": {"metadata": 10, "order": 31, "author": 32}}, {"pk": 375, "model": "common.authorordermodule", "fields": {"metadata": 10, "order": 32, "author": 33}}, {"pk": 376, "model": "common.authorordermodule", "fields": {"metadata": 10, "order": 33, "author": 34}}, {"pk": 377, "model": "common.authorordermodule", "fields": {"metadata": 10, "order": 34, "author": 35}}, {"pk": 378, "model": "common.authorordermodule", "fields": {"metadata": 10, "order": 35, "author": 36}}, {"pk": 379, "model": "common.authorordermodule", "fields": {"metadata": 10, "order": 36, "author": 37}}, {"pk": 380, "model": "common.authorordermodule", "fields": {"metadata": 10, "order": 37, "author": 38}}, {"pk": 381, "model": "common.authorordermodule", "fields": {"metadata": 11, "order": 0, "author": 1}}, {"pk": 382, "model": "common.authorordermodule", "fields": {"metadata": 11, "order": 1, "author": 2}}, {"pk": 383, "model": "common.authorordermodule", "fields": {"metadata": 11, "order": 2, "author": 3}}, {"pk": 384, "model": "common.authorordermodule", "fields": {"metadata": 11, "order": 3, "author": 4}}, {"pk": 385, "model": "common.authorordermodule", "fields": {"metadata": 11, "order": 4, "author": 5}}, {"pk": 386, "model": "common.authorordermodule", "fields": {"metadata": 11, "order": 5, "author": 6}}, {"pk": 387, "model": "common.authorordermodule", "fields": {"metadata": 11, "order": 6, "author": 39}}, {"pk": 388, "model": "common.authorordermodule", "fields": {"metadata": 11, "order": 7, "author": 8}}, {"pk": 389, "model": "common.authorordermodule", "fields": {"metadata": 11, "order": 8, "author": 9}}, {"pk": 390, "model": "common.authorordermodule", "fields": {"metadata": 11, "order": 9, "author": 10}}, {"pk": 391, "model": "common.authorordermodule", "fields": {"metadata": 11, "order": 10, "author": 11}}, {"pk": 392, "model": "common.authorordermodule", "fields": {"metadata": 11, "order": 11, "author": 40}}, {"pk": 393, "model": "common.authorordermodule", "fields": {"metadata": 11, "order": 12, "author": 41}}, {"pk": 394, "model": "common.authorordermodule", "fields": {"metadata": 11, "order": 13, "author": 14}}, {"pk": 395, "model": "common.authorordermodule", "fields": {"metadata": 11, "order": 14, "author": 15}}, {"pk": 396, "model": "common.authorordermodule", "fields": {"metadata": 11, "order": 15, "author": 16}}, {"pk": 397, "model": "common.authorordermodule", "fields": {"metadata": 11, "order": 16, "author": 17}}, {"pk": 398, "model": "common.authorordermodule", "fields": {"metadata": 11, "order": 17, "author": 18}}, {"pk": 399, "model": "common.authorordermodule", "fields": {"metadata": 11, "order": 18, "author": 19}}, {"pk": 400, "model": "common.authorordermodule", "fields": {"metadata": 11, "order": 19, "author": 20}}, {"pk": 401, "model": "common.authorordermodule", "fields": {"metadata": 11, "order": 20, "author": 21}}, {"pk": 402, "model": "common.authorordermodule", "fields": {"metadata": 11, "order": 21, "author": 22}}, {"pk": 403, "model": "common.authorordermodule", "fields": {"metadata": 11, "order": 22, "author": 23}}, {"pk": 404, "model": "common.authorordermodule", "fields": {"metadata": 11, "order": 23, "author": 24}}, {"pk": 405, "model": "common.authorordermodule", "fields": {"metadata": 11, "order": 24, "author": 42}}, {"pk": 406, "model": "common.authorordermodule", "fields": {"metadata": 11, "order": 25, "author": 26}}, {"pk": 407, "model": "common.authorordermodule", "fields": {"metadata": 11, "order": 26, "author": 27}}, {"pk": 408, "model": "common.authorordermodule", "fields": {"metadata": 11, "order": 27, "author": 28}}, {"pk": 409, "model": "common.authorordermodule", "fields": {"metadata": 11, "order": 28, "author": 29}}, {"pk": 410, "model": "common.authorordermodule", "fields": {"metadata": 11, "order": 29, "author": 30}}, {"pk": 411, "model": "common.authorordermodule", "fields": {"metadata": 11, "order": 30, "author": 43}}, {"pk": 412, "model": "common.authorordermodule", "fields": {"metadata": 11, "order": 31, "author": 32}}, {"pk": 413, "model": "common.authorordermodule", "fields": {"metadata": 11, "order": 32, "author": 33}}, {"pk": 414, "model": "common.authorordermodule", "fields": {"metadata": 11, "order": 33, "author": 34}}, {"pk": 415, "model": "common.authorordermodule", "fields": {"metadata": 11, "order": 34, "author": 35}}, {"pk": 416, "model": "common.authorordermodule", "fields": {"metadata": 11, "order": 35, "author": 36}}, {"pk": 417, "model": "common.authorordermodule", "fields": {"metadata": 11, "order": 36, "author": 37}}, {"pk": 418, "model": "common.authorordermodule", "fields": {"metadata": 11, "order": 37, "author": 38}}, {"pk": 419, "model": "common.authorordermodule", "fields": {"metadata": 12, "order": 0, "author": 1}}, {"pk": 420, "model": "common.authorordermodule", "fields": {"metadata": 12, "order": 1, "author": 10}}, {"pk": 421, "model": "common.authorordermodule", "fields": {"metadata": 12, "order": 2, "author": 40}}, {"pk": 422, "model": "common.authorordermodule", "fields": {"metadata": 12, "order": 3, "author": 41}}, {"pk": 423, "model": "common.authorordermodule", "fields": {"metadata": 12, "order": 4, "author": 15}}, {"pk": 424, "model": "common.authorordermodule", "fields": {"metadata": 12, "order": 5, "author": 20}}, {"pk": 425, "model": "common.authorordermodule", "fields": {"metadata": 12, "order": 6, "author": 35}}, {"pk": 426, "model": "common.authorordermodule", "fields": {"metadata": 12, "order": 7, "author": 39}}, {"pk": 427, "model": "common.authorordermodule", "fields": {"metadata": 12, "order": 8, "author": 8}}, {"pk": 428, "model": "common.authorordermodule", "fields": {"metadata": 12, "order": 9, "author": 9}}, {"pk": 429, "model": "common.authorordermodule", "fields": {"metadata": 12, "order": 10, "author": 11}}, {"pk": 430, "model": "common.authorordermodule", "fields": {"metadata": 12, "order": 11, "author": 2}}, {"pk": 431, "model": "common.authorordermodule", "fields": {"metadata": 12, "order": 12, "author": 14}}, {"pk": 432, "model": "common.authorordermodule", "fields": {"metadata": 12, "order": 13, "author": 16}}, {"pk": 433, "model": "common.authorordermodule", "fields": {"metadata": 12, "order": 14, "author": 17}}, {"pk": 434, "model": "common.authorordermodule", "fields": {"metadata": 12, "order": 15, "author": 18}}, {"pk": 435, "model": "common.authorordermodule", "fields": {"metadata": 12, "order": 16, "author": 19}}, {"pk": 436, "model": "common.authorordermodule", "fields": {"metadata": 12, "order": 17, "author": 21}}, {"pk": 437, "model": "common.authorordermodule", "fields": {"metadata": 12, "order": 18, "author": 22}}, {"pk": 438, "model": "common.authorordermodule", "fields": {"metadata": 12, "order": 19, "author": 23}}, {"pk": 439, "model": "common.authorordermodule", "fields": {"metadata": 12, "order": 20, "author": 24}}, {"pk": 440, "model": "common.authorordermodule", "fields": {"metadata": 12, "order": 21, "author": 42}}, {"pk": 441, "model": "common.authorordermodule", "fields": {"metadata": 12, "order": 22, "author": 26}}, {"pk": 442, "model": "common.authorordermodule", "fields": {"metadata": 12, "order": 23, "author": 27}}, {"pk": 443, "model": "common.authorordermodule", "fields": {"metadata": 12, "order": 24, "author": 3}}, {"pk": 444, "model": "common.authorordermodule", "fields": {"metadata": 12, "order": 25, "author": 28}}, {"pk": 445, "model": "common.authorordermodule", "fields": {"metadata": 12, "order": 26, "author": 29}}, {"pk": 446, "model": "common.authorordermodule", "fields": {"metadata": 12, "order": 27, "author": 30}}, {"pk": 447, "model": "common.authorordermodule", "fields": {"metadata": 12, "order": 28, "author": 4}}, {"pk": 448, "model": "common.authorordermodule", "fields": {"metadata": 12, "order": 29, "author": 43}}, {"pk": 449, "model": "common.authorordermodule", "fields": {"metadata": 12, "order": 30, "author": 32}}, {"pk": 450, "model": "common.authorordermodule", "fields": {"metadata": 12, "order": 31, "author": 33}}, {"pk": 451, "model": "common.authorordermodule", "fields": {"metadata": 12, "order": 32, "author": 5}}, {"pk": 452, "model": "common.authorordermodule", "fields": {"metadata": 12, "order": 33, "author": 6}}, {"pk": 453, "model": "common.authorordermodule", "fields": {"metadata": 12, "order": 34, "author": 34}}, {"pk": 454, "model": "common.authorordermodule", "fields": {"metadata": 12, "order": 35, "author": 36}}, {"pk": 455, "model": "common.authorordermodule", "fields": {"metadata": 12, "order": 36, "author": 37}}, {"pk": 456, "model": "common.authorordermodule", "fields": {"metadata": 12, "order": 37, "author": 38}}, {"pk": 457, "model": "common.authorordermodule", "fields": {"metadata": 13, "order": 0, "author": 1}}, {"pk": 458, "model": "common.authorordermodule", "fields": {"metadata": 13, "order": 1, "author": 10}}, {"pk": 459, "model": "common.authorordermodule", "fields": {"metadata": 13, "order": 2, "author": 40}}, {"pk": 460, "model": "common.authorordermodule", "fields": {"metadata": 13, "order": 3, "author": 41}}, {"pk": 461, "model": "common.authorordermodule", "fields": {"metadata": 13, "order": 4, "author": 15}}, {"pk": 462, "model": "common.authorordermodule", "fields": {"metadata": 13, "order": 5, "author": 20}}, {"pk": 463, "model": "common.authorordermodule", "fields": {"metadata": 13, "order": 6, "author": 35}}, {"pk": 464, "model": "common.authorordermodule", "fields": {"metadata": 13, "order": 7, "author": 39}}, {"pk": 465, "model": "common.authorordermodule", "fields": {"metadata": 13, "order": 8, "author": 8}}, {"pk": 466, "model": "common.authorordermodule", "fields": {"metadata": 13, "order": 9, "author": 9}}, {"pk": 467, "model": "common.authorordermodule", "fields": {"metadata": 13, "order": 10, "author": 11}}, {"pk": 468, "model": "common.authorordermodule", "fields": {"metadata": 13, "order": 11, "author": 2}}, {"pk": 469, "model": "common.authorordermodule", "fields": {"metadata": 13, "order": 12, "author": 14}}, {"pk": 470, "model": "common.authorordermodule", "fields": {"metadata": 13, "order": 13, "author": 16}}, {"pk": 471, "model": "common.authorordermodule", "fields": {"metadata": 13, "order": 14, "author": 17}}, {"pk": 472, "model": "common.authorordermodule", "fields": {"metadata": 13, "order": 15, "author": 18}}, {"pk": 473, "model": "common.authorordermodule", "fields": {"metadata": 13, "order": 16, "author": 19}}, {"pk": 474, "model": "common.authorordermodule", "fields": {"metadata": 13, "order": 17, "author": 21}}, {"pk": 475, "model": "common.authorordermodule", "fields": {"metadata": 13, "order": 18, "author": 22}}, {"pk": 476, "model": "common.authorordermodule", "fields": {"metadata": 13, "order": 19, "author": 23}}, {"pk": 477, "model": "common.authorordermodule", "fields": {"metadata": 13, "order": 20, "author": 24}}, {"pk": 478, "model": "common.authorordermodule", "fields": {"metadata": 13, "order": 21, "author": 42}}, {"pk": 479, "model": "common.authorordermodule", "fields": {"metadata": 13, "order": 22, "author": 26}}, {"pk": 480, "model": "common.authorordermodule", "fields": {"metadata": 13, "order": 23, "author": 27}}, {"pk": 481, "model": "common.authorordermodule", "fields": {"metadata": 13, "order": 24, "author": 3}}, {"pk": 482, "model": "common.authorordermodule", "fields": {"metadata": 13, "order": 25, "author": 28}}, {"pk": 483, "model": "common.authorordermodule", "fields": {"metadata": 13, "order": 26, "author": 29}}, {"pk": 484, "model": "common.authorordermodule", "fields": {"metadata": 13, "order": 27, "author": 30}}, {"pk": 485, "model": "common.authorordermodule", "fields": {"metadata": 13, "order": 28, "author": 4}}, {"pk": 486, "model": "common.authorordermodule", "fields": {"metadata": 13, "order": 29, "author": 43}}, {"pk": 487, "model": "common.authorordermodule", "fields": {"metadata": 13, "order": 30, "author": 32}}, {"pk": 488, "model": "common.authorordermodule", "fields": {"metadata": 13, "order": 31, "author": 33}}, {"pk": 489, "model": "common.authorordermodule", "fields": {"metadata": 13, "order": 32, "author": 5}}, {"pk": 490, "model": "common.authorordermodule", "fields": {"metadata": 13, "order": 33, "author": 6}}, {"pk": 491, "model": "common.authorordermodule", "fields": {"metadata": 13, "order": 34, "author": 34}}, {"pk": 492, "model": "common.authorordermodule", "fields": {"metadata": 13, "order": 35, "author": 36}}, {"pk": 493, "model": "common.authorordermodule", "fields": {"metadata": 13, "order": 36, "author": 37}}, {"pk": 494, "model": "common.authorordermodule", "fields": {"metadata": 13, "order": 37, "author": 38}}, {"pk": 495, "model": "common.authorordermodule", "fields": {"metadata": 14, "order": 0, "author": 1}}, {"pk": 496, "model": "common.authorordermodule", "fields": {"metadata": 14, "order": 1, "author": 10}}, {"pk": 497, "model": "common.authorordermodule", "fields": {"metadata": 14, "order": 2, "author": 40}}, {"pk": 498, "model": "common.authorordermodule", "fields": {"metadata": 14, "order": 3, "author": 41}}, {"pk": 499, "model": "common.authorordermodule", "fields": {"metadata": 14, "order": 4, "author": 15}}, {"pk": 500, "model": "common.authorordermodule", "fields": {"metadata": 14, "order": 5, "author": 20}}, {"pk": 501, "model": "common.authorordermodule", "fields": {"metadata": 14, "order": 6, "author": 35}}, {"pk": 502, "model": "common.authorordermodule", "fields": {"metadata": 14, "order": 7, "author": 39}}, {"pk": 503, "model": "common.authorordermodule", "fields": {"metadata": 14, "order": 8, "author": 8}}, {"pk": 504, "model": "common.authorordermodule", "fields": {"metadata": 14, "order": 9, "author": 9}}, {"pk": 505, "model": "common.authorordermodule", "fields": {"metadata": 14, "order": 10, "author": 11}}, {"pk": 506, "model": "common.authorordermodule", "fields": {"metadata": 14, "order": 11, "author": 2}}, {"pk": 507, "model": "common.authorordermodule", "fields": {"metadata": 14, "order": 12, "author": 14}}, {"pk": 508, "model": "common.authorordermodule", "fields": {"metadata": 14, "order": 13, "author": 16}}, {"pk": 509, "model": "common.authorordermodule", "fields": {"metadata": 14, "order": 14, "author": 17}}, {"pk": 510, "model": "common.authorordermodule", "fields": {"metadata": 14, "order": 15, "author": 18}}, {"pk": 511, "model": "common.authorordermodule", "fields": {"metadata": 14, "order": 16, "author": 19}}, {"pk": 512, "model": "common.authorordermodule", "fields": {"metadata": 14, "order": 17, "author": 21}}, {"pk": 513, "model": "common.authorordermodule", "fields": {"metadata": 14, "order": 18, "author": 22}}, {"pk": 514, "model": "common.authorordermodule", "fields": {"metadata": 14, "order": 19, "author": 23}}, {"pk": 515, "model": "common.authorordermodule", "fields": {"metadata": 14, "order": 20, "author": 24}}, {"pk": 516, "model": "common.authorordermodule", "fields": {"metadata": 14, "order": 21, "author": 42}}, {"pk": 517, "model": "common.authorordermodule", "fields": {"metadata": 14, "order": 22, "author": 26}}, {"pk": 518, "model": "common.authorordermodule", "fields": {"metadata": 14, "order": 23, "author": 27}}, {"pk": 519, "model": "common.authorordermodule", "fields": {"metadata": 14, "order": 24, "author": 3}}, {"pk": 520, "model": "common.authorordermodule", "fields": {"metadata": 14, "order": 25, "author": 28}}, {"pk": 521, "model": "common.authorordermodule", "fields": {"metadata": 14, "order": 26, "author": 29}}, {"pk": 522, "model": "common.authorordermodule", "fields": {"metadata": 14, "order": 27, "author": 30}}, {"pk": 523, "model": "common.authorordermodule", "fields": {"metadata": 14, "order": 28, "author": 4}}, {"pk": 524, "model": "common.authorordermodule", "fields": {"metadata": 14, "order": 29, "author": 43}}, {"pk": 525, "model": "common.authorordermodule", "fields": {"metadata": 14, "order": 30, "author": 32}}, {"pk": 526, "model": "common.authorordermodule", "fields": {"metadata": 14, "order": 31, "author": 33}}, {"pk": 527, "model": "common.authorordermodule", "fields": {"metadata": 14, "order": 32, "author": 5}}, {"pk": 528, "model": "common.authorordermodule", "fields": {"metadata": 14, "order": 33, "author": 6}}, {"pk": 529, "model": "common.authorordermodule", "fields": {"metadata": 14, "order": 34, "author": 34}}, {"pk": 530, "model": "common.authorordermodule", "fields": {"metadata": 14, "order": 35, "author": 36}}, {"pk": 531, "model": "common.authorordermodule", "fields": {"metadata": 14, "order": 36, "author": 37}}, {"pk": 532, "model": "common.authorordermodule", "fields": {"metadata": 14, "order": 37, "author": 38}}, {"pk": 533, "model": "common.authorordermodule", "fields": {"metadata": 15, "order": 0, "author": 1}}, {"pk": 534, "model": "common.authorordermodule", "fields": {"metadata": 15, "order": 1, "author": 10}}, {"pk": 535, "model": "common.authorordermodule", "fields": {"metadata": 15, "order": 2, "author": 40}}, {"pk": 536, "model": "common.authorordermodule", "fields": {"metadata": 15, "order": 3, "author": 41}}, {"pk": 537, "model": "common.authorordermodule", "fields": {"metadata": 15, "order": 4, "author": 15}}, {"pk": 538, "model": "common.authorordermodule", "fields": {"metadata": 15, "order": 5, "author": 20}}, {"pk": 539, "model": "common.authorordermodule", "fields": {"metadata": 15, "order": 6, "author": 35}}, {"pk": 540, "model": "common.authorordermodule", "fields": {"metadata": 15, "order": 7, "author": 39}}, {"pk": 541, "model": "common.authorordermodule", "fields": {"metadata": 15, "order": 8, "author": 8}}, {"pk": 542, "model": "common.authorordermodule", "fields": {"metadata": 15, "order": 9, "author": 9}}, {"pk": 543, "model": "common.authorordermodule", "fields": {"metadata": 15, "order": 10, "author": 11}}, {"pk": 544, "model": "common.authorordermodule", "fields": {"metadata": 15, "order": 11, "author": 2}}, {"pk": 545, "model": "common.authorordermodule", "fields": {"metadata": 15, "order": 12, "author": 14}}, {"pk": 546, "model": "common.authorordermodule", "fields": {"metadata": 15, "order": 13, "author": 16}}, {"pk": 547, "model": "common.authorordermodule", "fields": {"metadata": 15, "order": 14, "author": 17}}, {"pk": 548, "model": "common.authorordermodule", "fields": {"metadata": 15, "order": 15, "author": 18}}, {"pk": 549, "model": "common.authorordermodule", "fields": {"metadata": 15, "order": 16, "author": 19}}, {"pk": 550, "model": "common.authorordermodule", "fields": {"metadata": 15, "order": 17, "author": 21}}, {"pk": 551, "model": "common.authorordermodule", "fields": {"metadata": 15, "order": 18, "author": 22}}, {"pk": 552, "model": "common.authorordermodule", "fields": {"metadata": 15, "order": 19, "author": 23}}, {"pk": 553, "model": "common.authorordermodule", "fields": {"metadata": 15, "order": 20, "author": 24}}, {"pk": 554, "model": "common.authorordermodule", "fields": {"metadata": 15, "order": 21, "author": 42}}, {"pk": 555, "model": "common.authorordermodule", "fields": {"metadata": 15, "order": 22, "author": 26}}, {"pk": 556, "model": "common.authorordermodule", "fields": {"metadata": 15, "order": 23, "author": 27}}, {"pk": 557, "model": "common.authorordermodule", "fields": {"metadata": 15, "order": 24, "author": 3}}, {"pk": 558, "model": "common.authorordermodule", "fields": {"metadata": 15, "order": 25, "author": 28}}, {"pk": 559, "model": "common.authorordermodule", "fields": {"metadata": 15, "order": 26, "author": 29}}, {"pk": 560, "model": "common.authorordermodule", "fields": {"metadata": 15, "order": 27, "author": 30}}, {"pk": 561, "model": "common.authorordermodule", "fields": {"metadata": 15, "order": 28, "author": 4}}, {"pk": 562, "model": "common.authorordermodule", "fields": {"metadata": 15, "order": 29, "author": 43}}, {"pk": 563, "model": "common.authorordermodule", "fields": {"metadata": 15, "order": 30, "author": 32}}, {"pk": 564, "model": "common.authorordermodule", "fields": {"metadata": 15, "order": 31, "author": 33}}, {"pk": 565, "model": "common.authorordermodule", "fields": {"metadata": 15, "order": 32, "author": 5}}, {"pk": 566, "model": "common.authorordermodule", "fields": {"metadata": 15, "order": 33, "author": 6}}, {"pk": 567, "model": "common.authorordermodule", "fields": {"metadata": 15, "order": 34, "author": 34}}, {"pk": 568, "model": "common.authorordermodule", "fields": {"metadata": 15, "order": 35, "author": 36}}, {"pk": 569, "model": "common.authorordermodule", "fields": {"metadata": 15, "order": 36, "author": 37}}, {"pk": 570, "model": "common.authorordermodule", "fields": {"metadata": 15, "order": 37, "author": 38}}, {"pk": 571, "model": "common.authorordermodule", "fields": {"metadata": 16, "order": 0, "author": 1}}, {"pk": 572, "model": "common.authorordermodule", "fields": {"metadata": 16, "order": 1, "author": 10}}, {"pk": 573, "model": "common.authorordermodule", "fields": {"metadata": 16, "order": 2, "author": 40}}, {"pk": 574, "model": "common.authorordermodule", "fields": {"metadata": 16, "order": 3, "author": 41}}, {"pk": 575, "model": "common.authorordermodule", "fields": {"metadata": 16, "order": 4, "author": 15}}, {"pk": 576, "model": "common.authorordermodule", "fields": {"metadata": 16, "order": 5, "author": 20}}, {"pk": 577, "model": "common.authorordermodule", "fields": {"metadata": 16, "order": 6, "author": 35}}, {"pk": 578, "model": "common.authorordermodule", "fields": {"metadata": 16, "order": 7, "author": 39}}, {"pk": 579, "model": "common.authorordermodule", "fields": {"metadata": 16, "order": 8, "author": 8}}, {"pk": 580, "model": "common.authorordermodule", "fields": {"metadata": 16, "order": 9, "author": 9}}, {"pk": 581, "model": "common.authorordermodule", "fields": {"metadata": 16, "order": 10, "author": 11}}, {"pk": 582, "model": "common.authorordermodule", "fields": {"metadata": 16, "order": 11, "author": 2}}, {"pk": 583, "model": "common.authorordermodule", "fields": {"metadata": 16, "order": 12, "author": 14}}, {"pk": 584, "model": "common.authorordermodule", "fields": {"metadata": 16, "order": 13, "author": 16}}, {"pk": 585, "model": "common.authorordermodule", "fields": {"metadata": 16, "order": 14, "author": 17}}, {"pk": 586, "model": "common.authorordermodule", "fields": {"metadata": 16, "order": 15, "author": 18}}, {"pk": 587, "model": "common.authorordermodule", "fields": {"metadata": 16, "order": 16, "author": 19}}, {"pk": 588, "model": "common.authorordermodule", "fields": {"metadata": 16, "order": 17, "author": 21}}, {"pk": 589, "model": "common.authorordermodule", "fields": {"metadata": 16, "order": 18, "author": 22}}, {"pk": 590, "model": "common.authorordermodule", "fields": {"metadata": 16, "order": 19, "author": 23}}, {"pk": 591, "model": "common.authorordermodule", "fields": {"metadata": 16, "order": 20, "author": 24}}, {"pk": 592, "model": "common.authorordermodule", "fields": {"metadata": 16, "order": 21, "author": 42}}, {"pk": 593, "model": "common.authorordermodule", "fields": {"metadata": 16, "order": 22, "author": 26}}, {"pk": 594, "model": "common.authorordermodule", "fields": {"metadata": 16, "order": 23, "author": 27}}, {"pk": 595, "model": "common.authorordermodule", "fields": {"metadata": 16, "order": 24, "author": 3}}, {"pk": 596, "model": "common.authorordermodule", "fields": {"metadata": 16, "order": 25, "author": 28}}, {"pk": 597, "model": "common.authorordermodule", "fields": {"metadata": 16, "order": 26, "author": 29}}, {"pk": 598, "model": "common.authorordermodule", "fields": {"metadata": 16, "order": 27, "author": 30}}, {"pk": 599, "model": "common.authorordermodule", "fields": {"metadata": 16, "order": 28, "author": 4}}, {"pk": 600, "model": "common.authorordermodule", "fields": {"metadata": 16, "order": 29, "author": 43}}, {"pk": 601, "model": "common.authorordermodule", "fields": {"metadata": 16, "order": 30, "author": 32}}, {"pk": 602, "model": "common.authorordermodule", "fields": {"metadata": 16, "order": 31, "author": 33}}, {"pk": 603, "model": "common.authorordermodule", "fields": {"metadata": 16, "order": 32, "author": 5}}, {"pk": 604, "model": "common.authorordermodule", "fields": {"metadata": 16, "order": 33, "author": 6}}, {"pk": 605, "model": "common.authorordermodule", "fields": {"metadata": 16, "order": 34, "author": 34}}, {"pk": 606, "model": "common.authorordermodule", "fields": {"metadata": 16, "order": 35, "author": 36}}, {"pk": 607, "model": "common.authorordermodule", "fields": {"metadata": 16, "order": 36, "author": 37}}, {"pk": 608, "model": "common.authorordermodule", "fields": {"metadata": 16, "order": 37, "author": 38}}, {"pk": 609, "model": "common.authorordermodule", "fields": {"metadata": 17, "order": 0, "author": 1}}, {"pk": 610, "model": "common.authorordermodule", "fields": {"metadata": 17, "order": 1, "author": 10}}, {"pk": 611, "model": "common.authorordermodule", "fields": {"metadata": 17, "order": 2, "author": 40}}, {"pk": 612, "model": "common.authorordermodule", "fields": {"metadata": 17, "order": 3, "author": 41}}, {"pk": 613, "model": "common.authorordermodule", "fields": {"metadata": 17, "order": 4, "author": 15}}, {"pk": 614, "model": "common.authorordermodule", "fields": {"metadata": 17, "order": 5, "author": 20}}, {"pk": 615, "model": "common.authorordermodule", "fields": {"metadata": 17, "order": 6, "author": 35}}, {"pk": 616, "model": "common.authorordermodule", "fields": {"metadata": 17, "order": 7, "author": 39}}, {"pk": 617, "model": "common.authorordermodule", "fields": {"metadata": 17, "order": 8, "author": 8}}, {"pk": 618, "model": "common.authorordermodule", "fields": {"metadata": 17, "order": 9, "author": 9}}, {"pk": 619, "model": "common.authorordermodule", "fields": {"metadata": 17, "order": 10, "author": 11}}, {"pk": 620, "model": "common.authorordermodule", "fields": {"metadata": 17, "order": 11, "author": 2}}, {"pk": 621, "model": "common.authorordermodule", "fields": {"metadata": 17, "order": 12, "author": 14}}, {"pk": 622, "model": "common.authorordermodule", "fields": {"metadata": 17, "order": 13, "author": 16}}, {"pk": 623, "model": "common.authorordermodule", "fields": {"metadata": 17, "order": 14, "author": 17}}, {"pk": 624, "model": "common.authorordermodule", "fields": {"metadata": 17, "order": 15, "author": 18}}, {"pk": 625, "model": "common.authorordermodule", "fields": {"metadata": 17, "order": 16, "author": 19}}, {"pk": 626, "model": "common.authorordermodule", "fields": {"metadata": 17, "order": 17, "author": 21}}, {"pk": 627, "model": "common.authorordermodule", "fields": {"metadata": 17, "order": 18, "author": 22}}, {"pk": 628, "model": "common.authorordermodule", "fields": {"metadata": 17, "order": 19, "author": 23}}, {"pk": 629, "model": "common.authorordermodule", "fields": {"metadata": 17, "order": 20, "author": 24}}, {"pk": 630, "model": "common.authorordermodule", "fields": {"metadata": 17, "order": 21, "author": 42}}, {"pk": 631, "model": "common.authorordermodule", "fields": {"metadata": 17, "order": 22, "author": 26}}, {"pk": 632, "model": "common.authorordermodule", "fields": {"metadata": 17, "order": 23, "author": 27}}, {"pk": 633, "model": "common.authorordermodule", "fields": {"metadata": 17, "order": 24, "author": 3}}, {"pk": 634, "model": "common.authorordermodule", "fields": {"metadata": 17, "order": 25, "author": 28}}, {"pk": 635, "model": "common.authorordermodule", "fields": {"metadata": 17, "order": 26, "author": 29}}, {"pk": 636, "model": "common.authorordermodule", "fields": {"metadata": 17, "order": 27, "author": 30}}, {"pk": 637, "model": "common.authorordermodule", "fields": {"metadata": 17, "order": 28, "author": 4}}, {"pk": 638, "model": "common.authorordermodule", "fields": {"metadata": 17, "order": 29, "author": 43}}, {"pk": 639, "model": "common.authorordermodule", "fields": {"metadata": 17, "order": 30, "author": 32}}, {"pk": 640, "model": "common.authorordermodule", "fields": {"metadata": 17, "order": 31, "author": 33}}, {"pk": 641, "model": "common.authorordermodule", "fields": {"metadata": 17, "order": 32, "author": 5}}, {"pk": 642, "model": "common.authorordermodule", "fields": {"metadata": 17, "order": 33, "author": 6}}, {"pk": 643, "model": "common.authorordermodule", "fields": {"metadata": 17, "order": 34, "author": 34}}, {"pk": 644, "model": "common.authorordermodule", "fields": {"metadata": 17, "order": 35, "author": 36}}, {"pk": 645, "model": "common.authorordermodule", "fields": {"metadata": 17, "order": 36, "author": 37}}, {"pk": 646, "model": "common.authorordermodule", "fields": {"metadata": 17, "order": 37, "author": 38}}, {"pk": 647, "model": "common.authorordermodule", "fields": {"metadata": 18, "order": 0, "author": 1}}, {"pk": 648, "model": "common.authorordermodule", "fields": {"metadata": 18, "order": 1, "author": 10}}, {"pk": 649, "model": "common.authorordermodule", "fields": {"metadata": 18, "order": 2, "author": 40}}, {"pk": 650, "model": "common.authorordermodule", "fields": {"metadata": 18, "order": 3, "author": 41}}, {"pk": 651, "model": "common.authorordermodule", "fields": {"metadata": 18, "order": 4, "author": 15}}, {"pk": 652, "model": "common.authorordermodule", "fields": {"metadata": 18, "order": 5, "author": 20}}, {"pk": 653, "model": "common.authorordermodule", "fields": {"metadata": 18, "order": 6, "author": 35}}, {"pk": 654, "model": "common.authorordermodule", "fields": {"metadata": 18, "order": 7, "author": 39}}, {"pk": 655, "model": "common.authorordermodule", "fields": {"metadata": 18, "order": 8, "author": 8}}, {"pk": 656, "model": "common.authorordermodule", "fields": {"metadata": 18, "order": 9, "author": 9}}, {"pk": 657, "model": "common.authorordermodule", "fields": {"metadata": 18, "order": 10, "author": 11}}, {"pk": 658, "model": "common.authorordermodule", "fields": {"metadata": 18, "order": 11, "author": 2}}, {"pk": 659, "model": "common.authorordermodule", "fields": {"metadata": 18, "order": 12, "author": 14}}, {"pk": 660, "model": "common.authorordermodule", "fields": {"metadata": 18, "order": 13, "author": 16}}, {"pk": 661, "model": "common.authorordermodule", "fields": {"metadata": 18, "order": 14, "author": 17}}, {"pk": 662, "model": "common.authorordermodule", "fields": {"metadata": 18, "order": 15, "author": 18}}, {"pk": 663, "model": "common.authorordermodule", "fields": {"metadata": 18, "order": 16, "author": 19}}, {"pk": 664, "model": "common.authorordermodule", "fields": {"metadata": 18, "order": 17, "author": 21}}, {"pk": 665, "model": "common.authorordermodule", "fields": {"metadata": 18, "order": 18, "author": 22}}, {"pk": 666, "model": "common.authorordermodule", "fields": {"metadata": 18, "order": 19, "author": 23}}, {"pk": 667, "model": "common.authorordermodule", "fields": {"metadata": 18, "order": 20, "author": 24}}, {"pk": 668, "model": "common.authorordermodule", "fields": {"metadata": 18, "order": 21, "author": 42}}, {"pk": 669, "model": "common.authorordermodule", "fields": {"metadata": 18, "order": 22, "author": 26}}, {"pk": 670, "model": "common.authorordermodule", "fields": {"metadata": 18, "order": 23, "author": 27}}, {"pk": 671, "model": "common.authorordermodule", "fields": {"metadata": 18, "order": 24, "author": 3}}, {"pk": 672, "model": "common.authorordermodule", "fields": {"metadata": 18, "order": 25, "author": 28}}, {"pk": 673, "model": "common.authorordermodule", "fields": {"metadata": 18, "order": 26, "author": 29}}, {"pk": 674, "model": "common.authorordermodule", "fields": {"metadata": 18, "order": 27, "author": 30}}, {"pk": 675, "model": "common.authorordermodule", "fields": {"metadata": 18, "order": 28, "author": 4}}, {"pk": 676, "model": "common.authorordermodule", "fields": {"metadata": 18, "order": 29, "author": 43}}, {"pk": 677, "model": "common.authorordermodule", "fields": {"metadata": 18, "order": 30, "author": 32}}, {"pk": 678, "model": "common.authorordermodule", "fields": {"metadata": 18, "order": 31, "author": 33}}, {"pk": 679, "model": "common.authorordermodule", "fields": {"metadata": 18, "order": 32, "author": 5}}, {"pk": 680, "model": "common.authorordermodule", "fields": {"metadata": 18, "order": 33, "author": 6}}, {"pk": 681, "model": "common.authorordermodule", "fields": {"metadata": 18, "order": 34, "author": 34}}, {"pk": 682, "model": "common.authorordermodule", "fields": {"metadata": 18, "order": 35, "author": 36}}, {"pk": 683, "model": "common.authorordermodule", "fields": {"metadata": 18, "order": 36, "author": 37}}, {"pk": 684, "model": "common.authorordermodule", "fields": {"metadata": 18, "order": 37, "author": 38}}, {"pk": 685, "model": "common.authorordermodule", "fields": {"metadata": 19, "order": 0, "author": 1}}, {"pk": 686, "model": "common.authorordermodule", "fields": {"metadata": 19, "order": 1, "author": 10}}, {"pk": 687, "model": "common.authorordermodule", "fields": {"metadata": 19, "order": 2, "author": 40}}, {"pk": 688, "model": "common.authorordermodule", "fields": {"metadata": 19, "order": 3, "author": 41}}, {"pk": 689, "model": "common.authorordermodule", "fields": {"metadata": 19, "order": 4, "author": 15}}, {"pk": 690, "model": "common.authorordermodule", "fields": {"metadata": 19, "order": 5, "author": 20}}, {"pk": 691, "model": "common.authorordermodule", "fields": {"metadata": 19, "order": 6, "author": 35}}, {"pk": 692, "model": "common.authorordermodule", "fields": {"metadata": 19, "order": 7, "author": 39}}, {"pk": 693, "model": "common.authorordermodule", "fields": {"metadata": 19, "order": 8, "author": 8}}, {"pk": 694, "model": "common.authorordermodule", "fields": {"metadata": 19, "order": 9, "author": 9}}, {"pk": 695, "model": "common.authorordermodule", "fields": {"metadata": 19, "order": 10, "author": 11}}, {"pk": 696, "model": "common.authorordermodule", "fields": {"metadata": 19, "order": 11, "author": 2}}, {"pk": 697, "model": "common.authorordermodule", "fields": {"metadata": 19, "order": 12, "author": 14}}, {"pk": 698, "model": "common.authorordermodule", "fields": {"metadata": 19, "order": 13, "author": 16}}, {"pk": 699, "model": "common.authorordermodule", "fields": {"metadata": 19, "order": 14, "author": 17}}, {"pk": 700, "model": "common.authorordermodule", "fields": {"metadata": 19, "order": 15, "author": 18}}, {"pk": 701, "model": "common.authorordermodule", "fields": {"metadata": 19, "order": 16, "author": 19}}, {"pk": 702, "model": "common.authorordermodule", "fields": {"metadata": 19, "order": 17, "author": 21}}, {"pk": 703, "model": "common.authorordermodule", "fields": {"metadata": 19, "order": 18, "author": 22}}, {"pk": 704, "model": "common.authorordermodule", "fields": {"metadata": 19, "order": 19, "author": 23}}, {"pk": 705, "model": "common.authorordermodule", "fields": {"metadata": 19, "order": 20, "author": 24}}, {"pk": 706, "model": "common.authorordermodule", "fields": {"metadata": 19, "order": 21, "author": 42}}, {"pk": 707, "model": "common.authorordermodule", "fields": {"metadata": 19, "order": 22, "author": 26}}, {"pk": 708, "model": "common.authorordermodule", "fields": {"metadata": 19, "order": 23, "author": 27}}, {"pk": 709, "model": "common.authorordermodule", "fields": {"metadata": 19, "order": 24, "author": 3}}, {"pk": 710, "model": "common.authorordermodule", "fields": {"metadata": 19, "order": 25, "author": 28}}, {"pk": 711, "model": "common.authorordermodule", "fields": {"metadata": 19, "order": 26, "author": 29}}, {"pk": 712, "model": "common.authorordermodule", "fields": {"metadata": 19, "order": 27, "author": 30}}, {"pk": 713, "model": "common.authorordermodule", "fields": {"metadata": 19, "order": 28, "author": 4}}, {"pk": 714, "model": "common.authorordermodule", "fields": {"metadata": 19, "order": 29, "author": 43}}, {"pk": 715, "model": "common.authorordermodule", "fields": {"metadata": 19, "order": 30, "author": 32}}, {"pk": 716, "model": "common.authorordermodule", "fields": {"metadata": 19, "order": 31, "author": 33}}, {"pk": 717, "model": "common.authorordermodule", "fields": {"metadata": 19, "order": 32, "author": 5}}, {"pk": 718, "model": "common.authorordermodule", "fields": {"metadata": 19, "order": 33, "author": 6}}, {"pk": 719, "model": "common.authorordermodule", "fields": {"metadata": 19, "order": 34, "author": 34}}, {"pk": 720, "model": "common.authorordermodule", "fields": {"metadata": 19, "order": 35, "author": 36}}, {"pk": 721, "model": "common.authorordermodule", "fields": {"metadata": 19, "order": 36, "author": 37}}, {"pk": 722, "model": "common.authorordermodule", "fields": {"metadata": 19, "order": 37, "author": 38}}, {"pk": 723, "model": "common.authorordermodule", "fields": {"metadata": 20, "order": 0, "author": 1}}, {"pk": 724, "model": "common.authorordermodule", "fields": {"metadata": 20, "order": 1, "author": 10}}, {"pk": 725, "model": "common.authorordermodule", "fields": {"metadata": 20, "order": 2, "author": 40}}, {"pk": 726, "model": "common.authorordermodule", "fields": {"metadata": 20, "order": 3, "author": 41}}, {"pk": 727, "model": "common.authorordermodule", "fields": {"metadata": 20, "order": 4, "author": 15}}, {"pk": 728, "model": "common.authorordermodule", "fields": {"metadata": 20, "order": 5, "author": 20}}, {"pk": 729, "model": "common.authorordermodule", "fields": {"metadata": 20, "order": 6, "author": 35}}, {"pk": 730, "model": "common.authorordermodule", "fields": {"metadata": 20, "order": 7, "author": 39}}, {"pk": 731, "model": "common.authorordermodule", "fields": {"metadata": 20, "order": 8, "author": 8}}, {"pk": 732, "model": "common.authorordermodule", "fields": {"metadata": 20, "order": 9, "author": 9}}, {"pk": 733, "model": "common.authorordermodule", "fields": {"metadata": 20, "order": 10, "author": 11}}, {"pk": 734, "model": "common.authorordermodule", "fields": {"metadata": 20, "order": 11, "author": 2}}, {"pk": 735, "model": "common.authorordermodule", "fields": {"metadata": 20, "order": 12, "author": 14}}, {"pk": 736, "model": "common.authorordermodule", "fields": {"metadata": 20, "order": 13, "author": 16}}, {"pk": 737, "model": "common.authorordermodule", "fields": {"metadata": 20, "order": 14, "author": 17}}, {"pk": 738, "model": "common.authorordermodule", "fields": {"metadata": 20, "order": 15, "author": 18}}, {"pk": 739, "model": "common.authorordermodule", "fields": {"metadata": 20, "order": 16, "author": 19}}, {"pk": 740, "model": "common.authorordermodule", "fields": {"metadata": 20, "order": 17, "author": 21}}, {"pk": 741, "model": "common.authorordermodule", "fields": {"metadata": 20, "order": 18, "author": 22}}, {"pk": 742, "model": "common.authorordermodule", "fields": {"metadata": 20, "order": 19, "author": 23}}, {"pk": 743, "model": "common.authorordermodule", "fields": {"metadata": 20, "order": 20, "author": 24}}, {"pk": 744, "model": "common.authorordermodule", "fields": {"metadata": 20, "order": 21, "author": 42}}, {"pk": 745, "model": "common.authorordermodule", "fields": {"metadata": 20, "order": 22, "author": 26}}, {"pk": 746, "model": "common.authorordermodule", "fields": {"metadata": 20, "order": 23, "author": 27}}, {"pk": 747, "model": "common.authorordermodule", "fields": {"metadata": 20, "order": 24, "author": 3}}, {"pk": 748, "model": "common.authorordermodule", "fields": {"metadata": 20, "order": 25, "author": 28}}, {"pk": 749, "model": "common.authorordermodule", "fields": {"metadata": 20, "order": 26, "author": 29}}, {"pk": 750, "model": "common.authorordermodule", "fields": {"metadata": 20, "order": 27, "author": 30}}, {"pk": 751, "model": "common.authorordermodule", "fields": {"metadata": 20, "order": 28, "author": 4}}, {"pk": 752, "model": "common.authorordermodule", "fields": {"metadata": 20, "order": 29, "author": 43}}, {"pk": 753, "model": "common.authorordermodule", "fields": {"metadata": 20, "order": 30, "author": 32}}, {"pk": 754, "model": "common.authorordermodule", "fields": {"metadata": 20, "order": 31, "author": 33}}, {"pk": 755, "model": "common.authorordermodule", "fields": {"metadata": 20, "order": 32, "author": 5}}, {"pk": 756, "model": "common.authorordermodule", "fields": {"metadata": 20, "order": 33, "author": 6}}, {"pk": 757, "model": "common.authorordermodule", "fields": {"metadata": 20, "order": 34, "author": 34}}, {"pk": 758, "model": "common.authorordermodule", "fields": {"metadata": 20, "order": 35, "author": 36}}, {"pk": 759, "model": "common.authorordermodule", "fields": {"metadata": 20, "order": 36, "author": 37}}, {"pk": 760, "model": "common.authorordermodule", "fields": {"metadata": 20, "order": 37, "author": 38}}, {"pk": 761, "model": "common.authorordermodule", "fields": {"metadata": 21, "order": 0, "author": 1}}, {"pk": 762, "model": "common.authorordermodule", "fields": {"metadata": 21, "order": 1, "author": 10}}, {"pk": 763, "model": "common.authorordermodule", "fields": {"metadata": 21, "order": 2, "author": 40}}, {"pk": 764, "model": "common.authorordermodule", "fields": {"metadata": 21, "order": 3, "author": 41}}, {"pk": 765, "model": "common.authorordermodule", "fields": {"metadata": 21, "order": 4, "author": 15}}, {"pk": 766, "model": "common.authorordermodule", "fields": {"metadata": 21, "order": 5, "author": 20}}, {"pk": 767, "model": "common.authorordermodule", "fields": {"metadata": 21, "order": 6, "author": 35}}, {"pk": 768, "model": "common.authorordermodule", "fields": {"metadata": 21, "order": 7, "author": 39}}, {"pk": 769, "model": "common.authorordermodule", "fields": {"metadata": 21, "order": 8, "author": 8}}, {"pk": 770, "model": "common.authorordermodule", "fields": {"metadata": 21, "order": 9, "author": 9}}, {"pk": 771, "model": "common.authorordermodule", "fields": {"metadata": 21, "order": 10, "author": 11}}, {"pk": 772, "model": "common.authorordermodule", "fields": {"metadata": 21, "order": 11, "author": 2}}, {"pk": 773, "model": "common.authorordermodule", "fields": {"metadata": 21, "order": 12, "author": 14}}, {"pk": 774, "model": "common.authorordermodule", "fields": {"metadata": 21, "order": 13, "author": 16}}, {"pk": 775, "model": "common.authorordermodule", "fields": {"metadata": 21, "order": 14, "author": 17}}, {"pk": 776, "model": "common.authorordermodule", "fields": {"metadata": 21, "order": 15, "author": 18}}, {"pk": 777, "model": "common.authorordermodule", "fields": {"metadata": 21, "order": 16, "author": 19}}, {"pk": 778, "model": "common.authorordermodule", "fields": {"metadata": 21, "order": 17, "author": 21}}, {"pk": 779, "model": "common.authorordermodule", "fields": {"metadata": 21, "order": 18, "author": 22}}, {"pk": 780, "model": "common.authorordermodule", "fields": {"metadata": 21, "order": 19, "author": 23}}, {"pk": 781, "model": "common.authorordermodule", "fields": {"metadata": 21, "order": 20, "author": 24}}, {"pk": 782, "model": "common.authorordermodule", "fields": {"metadata": 21, "order": 21, "author": 42}}, {"pk": 783, "model": "common.authorordermodule", "fields": {"metadata": 21, "order": 22, "author": 26}}, {"pk": 784, "model": "common.authorordermodule", "fields": {"metadata": 21, "order": 23, "author": 27}}, {"pk": 785, "model": "common.authorordermodule", "fields": {"metadata": 21, "order": 24, "author": 3}}, {"pk": 786, "model": "common.authorordermodule", "fields": {"metadata": 21, "order": 25, "author": 28}}, {"pk": 787, "model": "common.authorordermodule", "fields": {"metadata": 21, "order": 26, "author": 29}}, {"pk": 788, "model": "common.authorordermodule", "fields": {"metadata": 21, "order": 27, "author": 30}}, {"pk": 789, "model": "common.authorordermodule", "fields": {"metadata": 21, "order": 28, "author": 4}}, {"pk": 790, "model": "common.authorordermodule", "fields": {"metadata": 21, "order": 29, "author": 43}}, {"pk": 791, "model": "common.authorordermodule", "fields": {"metadata": 21, "order": 30, "author": 32}}, {"pk": 792, "model": "common.authorordermodule", "fields": {"metadata": 21, "order": 31, "author": 33}}, {"pk": 793, "model": "common.authorordermodule", "fields": {"metadata": 21, "order": 32, "author": 5}}, {"pk": 794, "model": "common.authorordermodule", "fields": {"metadata": 21, "order": 33, "author": 6}}, {"pk": 795, "model": "common.authorordermodule", "fields": {"metadata": 21, "order": 34, "author": 34}}, {"pk": 796, "model": "common.authorordermodule", "fields": {"metadata": 21, "order": 35, "author": 36}}, {"pk": 797, "model": "common.authorordermodule", "fields": {"metadata": 21, "order": 36, "author": 37}}, {"pk": 798, "model": "common.authorordermodule", "fields": {"metadata": 21, "order": 37, "author": 38}}, {"pk": 799, "model": "common.authorordermodule", "fields": {"metadata": 22, "order": 0, "author": 1}}, {"pk": 800, "model": "common.authorordermodule", "fields": {"metadata": 22, "order": 1, "author": 10}}, {"pk": 801, "model": "common.authorordermodule", "fields": {"metadata": 22, "order": 2, "author": 40}}, {"pk": 802, "model": "common.authorordermodule", "fields": {"metadata": 22, "order": 3, "author": 41}}, {"pk": 803, "model": "common.authorordermodule", "fields": {"metadata": 22, "order": 4, "author": 15}}, {"pk": 804, "model": "common.authorordermodule", "fields": {"metadata": 22, "order": 5, "author": 20}}, {"pk": 805, "model": "common.authorordermodule", "fields": {"metadata": 22, "order": 6, "author": 35}}, {"pk": 806, "model": "common.authorordermodule", "fields": {"metadata": 22, "order": 7, "author": 39}}, {"pk": 807, "model": "common.authorordermodule", "fields": {"metadata": 22, "order": 8, "author": 8}}, {"pk": 808, "model": "common.authorordermodule", "fields": {"metadata": 22, "order": 9, "author": 9}}, {"pk": 809, "model": "common.authorordermodule", "fields": {"metadata": 22, "order": 10, "author": 11}}, {"pk": 810, "model": "common.authorordermodule", "fields": {"metadata": 22, "order": 11, "author": 2}}, {"pk": 811, "model": "common.authorordermodule", "fields": {"metadata": 22, "order": 12, "author": 14}}, {"pk": 812, "model": "common.authorordermodule", "fields": {"metadata": 22, "order": 13, "author": 16}}, {"pk": 813, "model": "common.authorordermodule", "fields": {"metadata": 22, "order": 14, "author": 17}}, {"pk": 814, "model": "common.authorordermodule", "fields": {"metadata": 22, "order": 15, "author": 18}}, {"pk": 815, "model": "common.authorordermodule", "fields": {"metadata": 22, "order": 16, "author": 19}}, {"pk": 816, "model": "common.authorordermodule", "fields": {"metadata": 22, "order": 17, "author": 21}}, {"pk": 817, "model": "common.authorordermodule", "fields": {"metadata": 22, "order": 18, "author": 22}}, {"pk": 818, "model": "common.authorordermodule", "fields": {"metadata": 22, "order": 19, "author": 23}}, {"pk": 819, "model": "common.authorordermodule", "fields": {"metadata": 22, "order": 20, "author": 24}}, {"pk": 820, "model": "common.authorordermodule", "fields": {"metadata": 22, "order": 21, "author": 42}}, {"pk": 821, "model": "common.authorordermodule", "fields": {"metadata": 22, "order": 22, "author": 26}}, {"pk": 822, "model": "common.authorordermodule", "fields": {"metadata": 22, "order": 23, "author": 27}}, {"pk": 823, "model": "common.authorordermodule", "fields": {"metadata": 22, "order": 24, "author": 3}}, {"pk": 824, "model": "common.authorordermodule", "fields": {"metadata": 22, "order": 25, "author": 28}}, {"pk": 825, "model": "common.authorordermodule", "fields": {"metadata": 22, "order": 26, "author": 29}}, {"pk": 826, "model": "common.authorordermodule", "fields": {"metadata": 22, "order": 27, "author": 30}}, {"pk": 827, "model": "common.authorordermodule", "fields": {"metadata": 22, "order": 28, "author": 4}}, {"pk": 828, "model": "common.authorordermodule", "fields": {"metadata": 22, "order": 29, "author": 43}}, {"pk": 829, "model": "common.authorordermodule", "fields": {"metadata": 22, "order": 30, "author": 32}}, {"pk": 830, "model": "common.authorordermodule", "fields": {"metadata": 22, "order": 31, "author": 33}}, {"pk": 831, "model": "common.authorordermodule", "fields": {"metadata": 22, "order": 32, "author": 5}}, {"pk": 832, "model": "common.authorordermodule", "fields": {"metadata": 22, "order": 33, "author": 6}}, {"pk": 833, "model": "common.authorordermodule", "fields": {"metadata": 22, "order": 34, "author": 34}}, {"pk": 834, "model": "common.authorordermodule", "fields": {"metadata": 22, "order": 35, "author": 36}}, {"pk": 835, "model": "common.authorordermodule", "fields": {"metadata": 22, "order": 36, "author": 37}}, {"pk": 836, "model": "common.authorordermodule", "fields": {"metadata": 22, "order": 37, "author": 38}}, {"pk": 837, "model": "common.authorordermodule", "fields": {"metadata": 23, "order": 0, "author": 1}}, {"pk": 838, "model": "common.authorordermodule", "fields": {"metadata": 23, "order": 1, "author": 10}}, {"pk": 839, "model": "common.authorordermodule", "fields": {"metadata": 23, "order": 2, "author": 40}}, {"pk": 840, "model": "common.authorordermodule", "fields": {"metadata": 23, "order": 3, "author": 41}}, {"pk": 841, "model": "common.authorordermodule", "fields": {"metadata": 23, "order": 4, "author": 15}}, {"pk": 842, "model": "common.authorordermodule", "fields": {"metadata": 23, "order": 5, "author": 20}}, {"pk": 843, "model": "common.authorordermodule", "fields": {"metadata": 23, "order": 6, "author": 35}}, {"pk": 844, "model": "common.authorordermodule", "fields": {"metadata": 23, "order": 7, "author": 39}}, {"pk": 845, "model": "common.authorordermodule", "fields": {"metadata": 23, "order": 8, "author": 8}}, {"pk": 846, "model": "common.authorordermodule", "fields": {"metadata": 23, "order": 9, "author": 9}}, {"pk": 847, "model": "common.authorordermodule", "fields": {"metadata": 23, "order": 10, "author": 11}}, {"pk": 848, "model": "common.authorordermodule", "fields": {"metadata": 23, "order": 11, "author": 2}}, {"pk": 849, "model": "common.authorordermodule", "fields": {"metadata": 23, "order": 12, "author": 14}}, {"pk": 850, "model": "common.authorordermodule", "fields": {"metadata": 23, "order": 13, "author": 16}}, {"pk": 851, "model": "common.authorordermodule", "fields": {"metadata": 23, "order": 14, "author": 17}}, {"pk": 852, "model": "common.authorordermodule", "fields": {"metadata": 23, "order": 15, "author": 18}}, {"pk": 853, "model": "common.authorordermodule", "fields": {"metadata": 23, "order": 16, "author": 19}}, {"pk": 854, "model": "common.authorordermodule", "fields": {"metadata": 23, "order": 17, "author": 21}}, {"pk": 855, "model": "common.authorordermodule", "fields": {"metadata": 23, "order": 18, "author": 22}}, {"pk": 856, "model": "common.authorordermodule", "fields": {"metadata": 23, "order": 19, "author": 23}}, {"pk": 857, "model": "common.authorordermodule", "fields": {"metadata": 23, "order": 20, "author": 24}}, {"pk": 858, "model": "common.authorordermodule", "fields": {"metadata": 23, "order": 21, "author": 42}}, {"pk": 859, "model": "common.authorordermodule", "fields": {"metadata": 23, "order": 22, "author": 26}}, {"pk": 860, "model": "common.authorordermodule", "fields": {"metadata": 23, "order": 23, "author": 27}}, {"pk": 861, "model": "common.authorordermodule", "fields": {"metadata": 23, "order": 24, "author": 3}}, {"pk": 862, "model": "common.authorordermodule", "fields": {"metadata": 23, "order": 25, "author": 28}}, {"pk": 863, "model": "common.authorordermodule", "fields": {"metadata": 23, "order": 26, "author": 29}}, {"pk": 864, "model": "common.authorordermodule", "fields": {"metadata": 23, "order": 27, "author": 30}}, {"pk": 865, "model": "common.authorordermodule", "fields": {"metadata": 23, "order": 28, "author": 4}}, {"pk": 866, "model": "common.authorordermodule", "fields": {"metadata": 23, "order": 29, "author": 43}}, {"pk": 867, "model": "common.authorordermodule", "fields": {"metadata": 23, "order": 30, "author": 32}}, {"pk": 868, "model": "common.authorordermodule", "fields": {"metadata": 23, "order": 31, "author": 33}}, {"pk": 869, "model": "common.authorordermodule", "fields": {"metadata": 23, "order": 32, "author": 5}}, {"pk": 870, "model": "common.authorordermodule", "fields": {"metadata": 23, "order": 33, "author": 6}}, {"pk": 871, "model": "common.authorordermodule", "fields": {"metadata": 23, "order": 34, "author": 34}}, {"pk": 872, "model": "common.authorordermodule", "fields": {"metadata": 23, "order": 35, "author": 36}}, {"pk": 873, "model": "common.authorordermodule", "fields": {"metadata": 23, "order": 36, "author": 37}}, {"pk": 874, "model": "common.authorordermodule", "fields": {"metadata": 23, "order": 37, "author": 38}}, {"pk": 875, "model": "common.authorordermodule", "fields": {"metadata": 24, "order": 0, "author": 1}}, {"pk": 876, "model": "common.authorordermodule", "fields": {"metadata": 24, "order": 1, "author": 10}}, {"pk": 877, "model": "common.authorordermodule", "fields": {"metadata": 24, "order": 2, "author": 40}}, {"pk": 878, "model": "common.authorordermodule", "fields": {"metadata": 24, "order": 3, "author": 41}}, {"pk": 879, "model": "common.authorordermodule", "fields": {"metadata": 24, "order": 4, "author": 15}}, {"pk": 880, "model": "common.authorordermodule", "fields": {"metadata": 24, "order": 5, "author": 20}}, {"pk": 881, "model": "common.authorordermodule", "fields": {"metadata": 24, "order": 6, "author": 35}}, {"pk": 882, "model": "common.authorordermodule", "fields": {"metadata": 24, "order": 7, "author": 39}}, {"pk": 883, "model": "common.authorordermodule", "fields": {"metadata": 24, "order": 8, "author": 8}}, {"pk": 884, "model": "common.authorordermodule", "fields": {"metadata": 24, "order": 9, "author": 9}}, {"pk": 885, "model": "common.authorordermodule", "fields": {"metadata": 24, "order": 10, "author": 11}}, {"pk": 886, "model": "common.authorordermodule", "fields": {"metadata": 24, "order": 11, "author": 2}}, {"pk": 887, "model": "common.authorordermodule", "fields": {"metadata": 24, "order": 12, "author": 14}}, {"pk": 888, "model": "common.authorordermodule", "fields": {"metadata": 24, "order": 13, "author": 16}}, {"pk": 889, "model": "common.authorordermodule", "fields": {"metadata": 24, "order": 14, "author": 17}}, {"pk": 890, "model": "common.authorordermodule", "fields": {"metadata": 24, "order": 15, "author": 18}}, {"pk": 891, "model": "common.authorordermodule", "fields": {"metadata": 24, "order": 16, "author": 19}}, {"pk": 892, "model": "common.authorordermodule", "fields": {"metadata": 24, "order": 17, "author": 21}}, {"pk": 893, "model": "common.authorordermodule", "fields": {"metadata": 24, "order": 18, "author": 22}}, {"pk": 894, "model": "common.authorordermodule", "fields": {"metadata": 24, "order": 19, "author": 23}}, {"pk": 895, "model": "common.authorordermodule", "fields": {"metadata": 24, "order": 20, "author": 24}}, {"pk": 896, "model": "common.authorordermodule", "fields": {"metadata": 24, "order": 21, "author": 42}}, {"pk": 897, "model": "common.authorordermodule", "fields": {"metadata": 24, "order": 22, "author": 26}}, {"pk": 898, "model": "common.authorordermodule", "fields": {"metadata": 24, "order": 23, "author": 27}}, {"pk": 899, "model": "common.authorordermodule", "fields": {"metadata": 24, "order": 24, "author": 3}}, {"pk": 900, "model": "common.authorordermodule", "fields": {"metadata": 24, "order": 25, "author": 28}}, {"pk": 901, "model": "common.authorordermodule", "fields": {"metadata": 24, "order": 26, "author": 29}}, {"pk": 902, "model": "common.authorordermodule", "fields": {"metadata": 24, "order": 27, "author": 30}}, {"pk": 903, "model": "common.authorordermodule", "fields": {"metadata": 24, "order": 28, "author": 4}}, {"pk": 904, "model": "common.authorordermodule", "fields": {"metadata": 24, "order": 29, "author": 43}}, {"pk": 905, "model": "common.authorordermodule", "fields": {"metadata": 24, "order": 30, "author": 32}}, {"pk": 906, "model": "common.authorordermodule", "fields": {"metadata": 24, "order": 31, "author": 33}}, {"pk": 907, "model": "common.authorordermodule", "fields": {"metadata": 24, "order": 32, "author": 5}}, {"pk": 908, "model": "common.authorordermodule", "fields": {"metadata": 24, "order": 33, "author": 6}}, {"pk": 909, "model": "common.authorordermodule", "fields": {"metadata": 24, "order": 34, "author": 34}}, {"pk": 910, "model": "common.authorordermodule", "fields": {"metadata": 24, "order": 35, "author": 36}}, {"pk": 911, "model": "common.authorordermodule", "fields": {"metadata": 24, "order": 36, "author": 37}}, {"pk": 912, "model": "common.authorordermodule", "fields": {"metadata": 24, "order": 37, "author": 38}}, {"pk": 913, "model": "common.authorordermodule", "fields": {"metadata": 25, "order": 0, "author": 1}}, {"pk": 914, "model": "common.authorordermodule", "fields": {"metadata": 25, "order": 1, "author": 19}}, {"pk": 915, "model": "common.authorordermodule", "fields": {"metadata": 25, "order": 2, "author": 42}}, {"pk": 916, "model": "common.authorordermodule", "fields": {"metadata": 25, "order": 3, "author": 44}}, {"pk": 917, "model": "common.authorordermodule", "fields": {"metadata": 25, "order": 4, "author": 27}}, {"pk": 918, "model": "common.authorordermodule", "fields": {"metadata": 25, "order": 5, "author": 36}}, {"pk": 919, "model": "common.authorordermodule", "fields": {"metadata": 25, "order": 6, "author": 39}}, {"pk": 920, "model": "common.authorordermodule", "fields": {"metadata": 25, "order": 7, "author": 8}}, {"pk": 921, "model": "common.authorordermodule", "fields": {"metadata": 25, "order": 8, "author": 9}}, {"pk": 922, "model": "common.authorordermodule", "fields": {"metadata": 25, "order": 9, "author": 10}}, {"pk": 923, "model": "common.authorordermodule", "fields": {"metadata": 25, "order": 10, "author": 11}}, {"pk": 924, "model": "common.authorordermodule", "fields": {"metadata": 25, "order": 11, "author": 40}}, {"pk": 925, "model": "common.authorordermodule", "fields": {"metadata": 25, "order": 12, "author": 41}}, {"pk": 926, "model": "common.authorordermodule", "fields": {"metadata": 25, "order": 13, "author": 14}}, {"pk": 927, "model": "common.authorordermodule", "fields": {"metadata": 25, "order": 14, "author": 15}}, {"pk": 928, "model": "common.authorordermodule", "fields": {"metadata": 25, "order": 15, "author": 16}}, {"pk": 929, "model": "common.authorordermodule", "fields": {"metadata": 25, "order": 16, "author": 17}}, {"pk": 930, "model": "common.authorordermodule", "fields": {"metadata": 25, "order": 17, "author": 18}}, {"pk": 931, "model": "common.authorordermodule", "fields": {"metadata": 25, "order": 18, "author": 20}}, {"pk": 932, "model": "common.authorordermodule", "fields": {"metadata": 25, "order": 19, "author": 21}}, {"pk": 933, "model": "common.authorordermodule", "fields": {"metadata": 25, "order": 20, "author": 22}}, {"pk": 934, "model": "common.authorordermodule", "fields": {"metadata": 25, "order": 21, "author": 23}}, {"pk": 935, "model": "common.authorordermodule", "fields": {"metadata": 25, "order": 22, "author": 24}}, {"pk": 936, "model": "common.authorordermodule", "fields": {"metadata": 25, "order": 23, "author": 26}}, {"pk": 937, "model": "common.authorordermodule", "fields": {"metadata": 25, "order": 24, "author": 3}}, {"pk": 938, "model": "common.authorordermodule", "fields": {"metadata": 25, "order": 25, "author": 28}}, {"pk": 939, "model": "common.authorordermodule", "fields": {"metadata": 25, "order": 26, "author": 29}}, {"pk": 940, "model": "common.authorordermodule", "fields": {"metadata": 25, "order": 27, "author": 30}}, {"pk": 941, "model": "common.authorordermodule", "fields": {"metadata": 25, "order": 28, "author": 4}}, {"pk": 942, "model": "common.authorordermodule", "fields": {"metadata": 25, "order": 29, "author": 43}}, {"pk": 943, "model": "common.authorordermodule", "fields": {"metadata": 25, "order": 30, "author": 32}}, {"pk": 944, "model": "common.authorordermodule", "fields": {"metadata": 25, "order": 31, "author": 33}}, {"pk": 945, "model": "common.authorordermodule", "fields": {"metadata": 25, "order": 32, "author": 5}}, {"pk": 946, "model": "common.authorordermodule", "fields": {"metadata": 25, "order": 33, "author": 6}}, {"pk": 947, "model": "common.authorordermodule", "fields": {"metadata": 25, "order": 34, "author": 34}}, {"pk": 948, "model": "common.authorordermodule", "fields": {"metadata": 25, "order": 35, "author": 37}}, {"pk": 949, "model": "common.authorordermodule", "fields": {"metadata": 25, "order": 36, "author": 35}}, {"pk": 950, "model": "common.authorordermodule", "fields": {"metadata": 25, "order": 37, "author": 38}}, {"pk": 951, "model": "common.authorordermodule", "fields": {"metadata": 26, "order": 0, "author": 1}}, {"pk": 952, "model": "common.authorordermodule", "fields": {"metadata": 26, "order": 1, "author": 19}}, {"pk": 953, "model": "common.authorordermodule", "fields": {"metadata": 26, "order": 2, "author": 42}}, {"pk": 954, "model": "common.authorordermodule", "fields": {"metadata": 26, "order": 3, "author": 44}}, {"pk": 955, "model": "common.authorordermodule", "fields": {"metadata": 26, "order": 4, "author": 27}}, {"pk": 956, "model": "common.authorordermodule", "fields": {"metadata": 26, "order": 5, "author": 36}}, {"pk": 957, "model": "common.authorordermodule", "fields": {"metadata": 26, "order": 6, "author": 39}}, {"pk": 958, "model": "common.authorordermodule", "fields": {"metadata": 26, "order": 7, "author": 8}}, {"pk": 959, "model": "common.authorordermodule", "fields": {"metadata": 26, "order": 8, "author": 9}}, {"pk": 960, "model": "common.authorordermodule", "fields": {"metadata": 26, "order": 9, "author": 10}}, {"pk": 961, "model": "common.authorordermodule", "fields": {"metadata": 26, "order": 10, "author": 11}}, {"pk": 962, "model": "common.authorordermodule", "fields": {"metadata": 26, "order": 11, "author": 40}}, {"pk": 963, "model": "common.authorordermodule", "fields": {"metadata": 26, "order": 12, "author": 41}}, {"pk": 964, "model": "common.authorordermodule", "fields": {"metadata": 26, "order": 13, "author": 14}}, {"pk": 965, "model": "common.authorordermodule", "fields": {"metadata": 26, "order": 14, "author": 15}}, {"pk": 966, "model": "common.authorordermodule", "fields": {"metadata": 26, "order": 15, "author": 16}}, {"pk": 967, "model": "common.authorordermodule", "fields": {"metadata": 26, "order": 16, "author": 17}}, {"pk": 968, "model": "common.authorordermodule", "fields": {"metadata": 26, "order": 17, "author": 18}}, {"pk": 969, "model": "common.authorordermodule", "fields": {"metadata": 26, "order": 18, "author": 20}}, {"pk": 970, "model": "common.authorordermodule", "fields": {"metadata": 26, "order": 19, "author": 21}}, {"pk": 971, "model": "common.authorordermodule", "fields": {"metadata": 26, "order": 20, "author": 22}}, {"pk": 972, "model": "common.authorordermodule", "fields": {"metadata": 26, "order": 21, "author": 23}}, {"pk": 973, "model": "common.authorordermodule", "fields": {"metadata": 26, "order": 22, "author": 24}}, {"pk": 974, "model": "common.authorordermodule", "fields": {"metadata": 26, "order": 23, "author": 26}}, {"pk": 975, "model": "common.authorordermodule", "fields": {"metadata": 26, "order": 24, "author": 3}}, {"pk": 976, "model": "common.authorordermodule", "fields": {"metadata": 26, "order": 25, "author": 28}}, {"pk": 977, "model": "common.authorordermodule", "fields": {"metadata": 26, "order": 26, "author": 29}}, {"pk": 978, "model": "common.authorordermodule", "fields": {"metadata": 26, "order": 27, "author": 30}}, {"pk": 979, "model": "common.authorordermodule", "fields": {"metadata": 26, "order": 28, "author": 4}}, {"pk": 980, "model": "common.authorordermodule", "fields": {"metadata": 26, "order": 29, "author": 43}}, {"pk": 981, "model": "common.authorordermodule", "fields": {"metadata": 26, "order": 30, "author": 32}}, {"pk": 982, "model": "common.authorordermodule", "fields": {"metadata": 26, "order": 31, "author": 33}}, {"pk": 983, "model": "common.authorordermodule", "fields": {"metadata": 26, "order": 32, "author": 5}}, {"pk": 984, "model": "common.authorordermodule", "fields": {"metadata": 26, "order": 33, "author": 6}}, {"pk": 985, "model": "common.authorordermodule", "fields": {"metadata": 26, "order": 34, "author": 34}}, {"pk": 986, "model": "common.authorordermodule", "fields": {"metadata": 26, "order": 35, "author": 37}}, {"pk": 987, "model": "common.authorordermodule", "fields": {"metadata": 26, "order": 36, "author": 35}}, {"pk": 988, "model": "common.authorordermodule", "fields": {"metadata": 26, "order": 37, "author": 38}}, {"pk": 989, "model": "common.authorordermodule", "fields": {"metadata": 27, "order": 0, "author": 1}}, {"pk": 990, "model": "common.authorordermodule", "fields": {"metadata": 27, "order": 1, "author": 19}}, {"pk": 991, "model": "common.authorordermodule", "fields": {"metadata": 27, "order": 2, "author": 42}}, {"pk": 992, "model": "common.authorordermodule", "fields": {"metadata": 27, "order": 3, "author": 44}}, {"pk": 993, "model": "common.authorordermodule", "fields": {"metadata": 27, "order": 4, "author": 27}}, {"pk": 994, "model": "common.authorordermodule", "fields": {"metadata": 27, "order": 5, "author": 36}}, {"pk": 995, "model": "common.authorordermodule", "fields": {"metadata": 27, "order": 6, "author": 39}}, {"pk": 996, "model": "common.authorordermodule", "fields": {"metadata": 27, "order": 7, "author": 8}}, {"pk": 997, "model": "common.authorordermodule", "fields": {"metadata": 27, "order": 8, "author": 9}}, {"pk": 998, "model": "common.authorordermodule", "fields": {"metadata": 27, "order": 9, "author": 10}}, {"pk": 999, "model": "common.authorordermodule", "fields": {"metadata": 27, "order": 10, "author": 11}}, {"pk": 1000, "model": "common.authorordermodule", "fields": {"metadata": 27, "order": 11, "author": 40}}, {"pk": 1001, "model": "common.authorordermodule", "fields": {"metadata": 27, "order": 12, "author": 41}}, {"pk": 1002, "model": "common.authorordermodule", "fields": {"metadata": 27, "order": 13, "author": 14}}, {"pk": 1003, "model": "common.authorordermodule", "fields": {"metadata": 27, "order": 14, "author": 15}}, {"pk": 1004, "model": "common.authorordermodule", "fields": {"metadata": 27, "order": 15, "author": 16}}, {"pk": 1005, "model": "common.authorordermodule", "fields": {"metadata": 27, "order": 16, "author": 17}}, {"pk": 1006, "model": "common.authorordermodule", "fields": {"metadata": 27, "order": 17, "author": 18}}, {"pk": 1007, "model": "common.authorordermodule", "fields": {"metadata": 27, "order": 18, "author": 20}}, {"pk": 1008, "model": "common.authorordermodule", "fields": {"metadata": 27, "order": 19, "author": 21}}, {"pk": 1009, "model": "common.authorordermodule", "fields": {"metadata": 27, "order": 20, "author": 22}}, {"pk": 1010, "model": "common.authorordermodule", "fields": {"metadata": 27, "order": 21, "author": 23}}, {"pk": 1011, "model": "common.authorordermodule", "fields": {"metadata": 27, "order": 22, "author": 24}}, {"pk": 1012, "model": "common.authorordermodule", "fields": {"metadata": 27, "order": 23, "author": 26}}, {"pk": 1013, "model": "common.authorordermodule", "fields": {"metadata": 27, "order": 24, "author": 3}}, {"pk": 1014, "model": "common.authorordermodule", "fields": {"metadata": 27, "order": 25, "author": 28}}, {"pk": 1015, "model": "common.authorordermodule", "fields": {"metadata": 27, "order": 26, "author": 29}}, {"pk": 1016, "model": "common.authorordermodule", "fields": {"metadata": 27, "order": 27, "author": 30}}, {"pk": 1017, "model": "common.authorordermodule", "fields": {"metadata": 27, "order": 28, "author": 4}}, {"pk": 1018, "model": "common.authorordermodule", "fields": {"metadata": 27, "order": 29, "author": 43}}, {"pk": 1019, "model": "common.authorordermodule", "fields": {"metadata": 27, "order": 30, "author": 32}}, {"pk": 1020, "model": "common.authorordermodule", "fields": {"metadata": 27, "order": 31, "author": 33}}, {"pk": 1021, "model": "common.authorordermodule", "fields": {"metadata": 27, "order": 32, "author": 5}}, {"pk": 1022, "model": "common.authorordermodule", "fields": {"metadata": 27, "order": 33, "author": 6}}, {"pk": 1023, "model": "common.authorordermodule", "fields": {"metadata": 27, "order": 34, "author": 34}}, {"pk": 1024, "model": "common.authorordermodule", "fields": {"metadata": 27, "order": 35, "author": 37}}, {"pk": 1025, "model": "common.authorordermodule", "fields": {"metadata": 27, "order": 36, "author": 35}}, {"pk": 1026, "model": "common.authorordermodule", "fields": {"metadata": 27, "order": 37, "author": 38}}, {"pk": 1027, "model": "common.authorordermodule", "fields": {"metadata": 28, "order": 0, "author": 1}}, {"pk": 1028, "model": "common.authorordermodule", "fields": {"metadata": 28, "order": 1, "author": 19}}, {"pk": 1029, "model": "common.authorordermodule", "fields": {"metadata": 28, "order": 2, "author": 42}}, {"pk": 1030, "model": "common.authorordermodule", "fields": {"metadata": 28, "order": 3, "author": 44}}, {"pk": 1031, "model": "common.authorordermodule", "fields": {"metadata": 28, "order": 4, "author": 27}}, {"pk": 1032, "model": "common.authorordermodule", "fields": {"metadata": 28, "order": 5, "author": 36}}, {"pk": 1033, "model": "common.authorordermodule", "fields": {"metadata": 28, "order": 6, "author": 39}}, {"pk": 1034, "model": "common.authorordermodule", "fields": {"metadata": 28, "order": 7, "author": 8}}, {"pk": 1035, "model": "common.authorordermodule", "fields": {"metadata": 28, "order": 8, "author": 9}}, {"pk": 1036, "model": "common.authorordermodule", "fields": {"metadata": 28, "order": 9, "author": 10}}, {"pk": 1037, "model": "common.authorordermodule", "fields": {"metadata": 28, "order": 10, "author": 11}}, {"pk": 1038, "model": "common.authorordermodule", "fields": {"metadata": 28, "order": 11, "author": 40}}, {"pk": 1039, "model": "common.authorordermodule", "fields": {"metadata": 28, "order": 12, "author": 41}}, {"pk": 1040, "model": "common.authorordermodule", "fields": {"metadata": 28, "order": 13, "author": 14}}, {"pk": 1041, "model": "common.authorordermodule", "fields": {"metadata": 28, "order": 14, "author": 15}}, {"pk": 1042, "model": "common.authorordermodule", "fields": {"metadata": 28, "order": 15, "author": 16}}, {"pk": 1043, "model": "common.authorordermodule", "fields": {"metadata": 28, "order": 16, "author": 17}}, {"pk": 1044, "model": "common.authorordermodule", "fields": {"metadata": 28, "order": 17, "author": 18}}, {"pk": 1045, "model": "common.authorordermodule", "fields": {"metadata": 28, "order": 18, "author": 20}}, {"pk": 1046, "model": "common.authorordermodule", "fields": {"metadata": 28, "order": 19, "author": 21}}, {"pk": 1047, "model": "common.authorordermodule", "fields": {"metadata": 28, "order": 20, "author": 22}}, {"pk": 1048, "model": "common.authorordermodule", "fields": {"metadata": 28, "order": 21, "author": 23}}, {"pk": 1049, "model": "common.authorordermodule", "fields": {"metadata": 28, "order": 22, "author": 24}}, {"pk": 1050, "model": "common.authorordermodule", "fields": {"metadata": 28, "order": 23, "author": 26}}, {"pk": 1051, "model": "common.authorordermodule", "fields": {"metadata": 28, "order": 24, "author": 3}}, {"pk": 1052, "model": "common.authorordermodule", "fields": {"metadata": 28, "order": 25, "author": 28}}, {"pk": 1053, "model": "common.authorordermodule", "fields": {"metadata": 28, "order": 26, "author": 29}}, {"pk": 1054, "model": "common.authorordermodule", "fields": {"metadata": 28, "order": 27, "author": 30}}, {"pk": 1055, "model": "common.authorordermodule", "fields": {"metadata": 28, "order": 28, "author": 4}}, {"pk": 1056, "model": "common.authorordermodule", "fields": {"metadata": 28, "order": 29, "author": 43}}, {"pk": 1057, "model": "common.authorordermodule", "fields": {"metadata": 28, "order": 30, "author": 32}}, {"pk": 1058, "model": "common.authorordermodule", "fields": {"metadata": 28, "order": 31, "author": 33}}, {"pk": 1059, "model": "common.authorordermodule", "fields": {"metadata": 28, "order": 32, "author": 5}}, {"pk": 1060, "model": "common.authorordermodule", "fields": {"metadata": 28, "order": 33, "author": 6}}, {"pk": 1061, "model": "common.authorordermodule", "fields": {"metadata": 28, "order": 34, "author": 34}}, {"pk": 1062, "model": "common.authorordermodule", "fields": {"metadata": 28, "order": 35, "author": 37}}, {"pk": 1063, "model": "common.authorordermodule", "fields": {"metadata": 28, "order": 36, "author": 35}}, {"pk": 1064, "model": "common.authorordermodule", "fields": {"metadata": 28, "order": 37, "author": 38}}, {"pk": 1065, "model": "common.authorordermodule", "fields": {"metadata": 29, "order": 0, "author": 1}}, {"pk": 1066, "model": "common.authorordermodule", "fields": {"metadata": 29, "order": 1, "author": 19}}, {"pk": 1067, "model": "common.authorordermodule", "fields": {"metadata": 29, "order": 2, "author": 42}}, {"pk": 1068, "model": "common.authorordermodule", "fields": {"metadata": 29, "order": 3, "author": 44}}, {"pk": 1069, "model": "common.authorordermodule", "fields": {"metadata": 29, "order": 4, "author": 27}}, {"pk": 1070, "model": "common.authorordermodule", "fields": {"metadata": 29, "order": 5, "author": 36}}, {"pk": 1071, "model": "common.authorordermodule", "fields": {"metadata": 29, "order": 6, "author": 39}}, {"pk": 1072, "model": "common.authorordermodule", "fields": {"metadata": 29, "order": 7, "author": 8}}, {"pk": 1073, "model": "common.authorordermodule", "fields": {"metadata": 29, "order": 8, "author": 9}}, {"pk": 1074, "model": "common.authorordermodule", "fields": {"metadata": 29, "order": 9, "author": 10}}, {"pk": 1075, "model": "common.authorordermodule", "fields": {"metadata": 29, "order": 10, "author": 11}}, {"pk": 1076, "model": "common.authorordermodule", "fields": {"metadata": 29, "order": 11, "author": 40}}, {"pk": 1077, "model": "common.authorordermodule", "fields": {"metadata": 29, "order": 12, "author": 41}}, {"pk": 1078, "model": "common.authorordermodule", "fields": {"metadata": 29, "order": 13, "author": 14}}, {"pk": 1079, "model": "common.authorordermodule", "fields": {"metadata": 29, "order": 14, "author": 15}}, {"pk": 1080, "model": "common.authorordermodule", "fields": {"metadata": 29, "order": 15, "author": 16}}, {"pk": 1081, "model": "common.authorordermodule", "fields": {"metadata": 29, "order": 16, "author": 17}}, {"pk": 1082, "model": "common.authorordermodule", "fields": {"metadata": 29, "order": 17, "author": 18}}, {"pk": 1083, "model": "common.authorordermodule", "fields": {"metadata": 29, "order": 18, "author": 20}}, {"pk": 1084, "model": "common.authorordermodule", "fields": {"metadata": 29, "order": 19, "author": 21}}, {"pk": 1085, "model": "common.authorordermodule", "fields": {"metadata": 29, "order": 20, "author": 22}}, {"pk": 1086, "model": "common.authorordermodule", "fields": {"metadata": 29, "order": 21, "author": 23}}, {"pk": 1087, "model": "common.authorordermodule", "fields": {"metadata": 29, "order": 22, "author": 24}}, {"pk": 1088, "model": "common.authorordermodule", "fields": {"metadata": 29, "order": 23, "author": 26}}, {"pk": 1089, "model": "common.authorordermodule", "fields": {"metadata": 29, "order": 24, "author": 3}}, {"pk": 1090, "model": "common.authorordermodule", "fields": {"metadata": 29, "order": 25, "author": 28}}, {"pk": 1091, "model": "common.authorordermodule", "fields": {"metadata": 29, "order": 26, "author": 29}}, {"pk": 1092, "model": "common.authorordermodule", "fields": {"metadata": 29, "order": 27, "author": 30}}, {"pk": 1093, "model": "common.authorordermodule", "fields": {"metadata": 29, "order": 28, "author": 4}}, {"pk": 1094, "model": "common.authorordermodule", "fields": {"metadata": 29, "order": 29, "author": 43}}, {"pk": 1095, "model": "common.authorordermodule", "fields": {"metadata": 29, "order": 30, "author": 32}}, {"pk": 1096, "model": "common.authorordermodule", "fields": {"metadata": 29, "order": 31, "author": 33}}, {"pk": 1097, "model": "common.authorordermodule", "fields": {"metadata": 29, "order": 32, "author": 5}}, {"pk": 1098, "model": "common.authorordermodule", "fields": {"metadata": 29, "order": 33, "author": 6}}, {"pk": 1099, "model": "common.authorordermodule", "fields": {"metadata": 29, "order": 34, "author": 34}}, {"pk": 1100, "model": "common.authorordermodule", "fields": {"metadata": 29, "order": 35, "author": 37}}, {"pk": 1101, "model": "common.authorordermodule", "fields": {"metadata": 29, "order": 36, "author": 35}}, {"pk": 1102, "model": "common.authorordermodule", "fields": {"metadata": 29, "order": 37, "author": 38}}, {"pk": 1103, "model": "common.authorordermodule", "fields": {"metadata": 30, "order": 0, "author": 1}}, {"pk": 1104, "model": "common.authorordermodule", "fields": {"metadata": 30, "order": 1, "author": 19}}, {"pk": 1105, "model": "common.authorordermodule", "fields": {"metadata": 30, "order": 2, "author": 42}}, {"pk": 1106, "model": "common.authorordermodule", "fields": {"metadata": 30, "order": 3, "author": 44}}, {"pk": 1107, "model": "common.authorordermodule", "fields": {"metadata": 30, "order": 4, "author": 27}}, {"pk": 1108, "model": "common.authorordermodule", "fields": {"metadata": 30, "order": 5, "author": 36}}, {"pk": 1109, "model": "common.authorordermodule", "fields": {"metadata": 30, "order": 6, "author": 39}}, {"pk": 1110, "model": "common.authorordermodule", "fields": {"metadata": 30, "order": 7, "author": 8}}, {"pk": 1111, "model": "common.authorordermodule", "fields": {"metadata": 30, "order": 8, "author": 9}}, {"pk": 1112, "model": "common.authorordermodule", "fields": {"metadata": 30, "order": 9, "author": 10}}, {"pk": 1113, "model": "common.authorordermodule", "fields": {"metadata": 30, "order": 10, "author": 11}}, {"pk": 1114, "model": "common.authorordermodule", "fields": {"metadata": 30, "order": 11, "author": 40}}, {"pk": 1115, "model": "common.authorordermodule", "fields": {"metadata": 30, "order": 12, "author": 41}}, {"pk": 1116, "model": "common.authorordermodule", "fields": {"metadata": 30, "order": 13, "author": 14}}, {"pk": 1117, "model": "common.authorordermodule", "fields": {"metadata": 30, "order": 14, "author": 15}}, {"pk": 1118, "model": "common.authorordermodule", "fields": {"metadata": 30, "order": 15, "author": 16}}, {"pk": 1119, "model": "common.authorordermodule", "fields": {"metadata": 30, "order": 16, "author": 17}}, {"pk": 1120, "model": "common.authorordermodule", "fields": {"metadata": 30, "order": 17, "author": 18}}, {"pk": 1121, "model": "common.authorordermodule", "fields": {"metadata": 30, "order": 18, "author": 20}}, {"pk": 1122, "model": "common.authorordermodule", "fields": {"metadata": 30, "order": 19, "author": 21}}, {"pk": 1123, "model": "common.authorordermodule", "fields": {"metadata": 30, "order": 20, "author": 22}}, {"pk": 1124, "model": "common.authorordermodule", "fields": {"metadata": 30, "order": 21, "author": 23}}, {"pk": 1125, "model": "common.authorordermodule", "fields": {"metadata": 30, "order": 22, "author": 24}}, {"pk": 1126, "model": "common.authorordermodule", "fields": {"metadata": 30, "order": 23, "author": 26}}, {"pk": 1127, "model": "common.authorordermodule", "fields": {"metadata": 30, "order": 24, "author": 3}}, {"pk": 1128, "model": "common.authorordermodule", "fields": {"metadata": 30, "order": 25, "author": 28}}, {"pk": 1129, "model": "common.authorordermodule", "fields": {"metadata": 30, "order": 26, "author": 29}}, {"pk": 1130, "model": "common.authorordermodule", "fields": {"metadata": 30, "order": 27, "author": 30}}, {"pk": 1131, "model": "common.authorordermodule", "fields": {"metadata": 30, "order": 28, "author": 4}}, {"pk": 1132, "model": "common.authorordermodule", "fields": {"metadata": 30, "order": 29, "author": 43}}, {"pk": 1133, "model": "common.authorordermodule", "fields": {"metadata": 30, "order": 30, "author": 32}}, {"pk": 1134, "model": "common.authorordermodule", "fields": {"metadata": 30, "order": 31, "author": 33}}, {"pk": 1135, "model": "common.authorordermodule", "fields": {"metadata": 30, "order": 32, "author": 5}}, {"pk": 1136, "model": "common.authorordermodule", "fields": {"metadata": 30, "order": 33, "author": 6}}, {"pk": 1137, "model": "common.authorordermodule", "fields": {"metadata": 30, "order": 34, "author": 34}}, {"pk": 1138, "model": "common.authorordermodule", "fields": {"metadata": 30, "order": 35, "author": 37}}, {"pk": 1139, "model": "common.authorordermodule", "fields": {"metadata": 30, "order": 36, "author": 35}}, {"pk": 1140, "model": "common.authorordermodule", "fields": {"metadata": 30, "order": 37, "author": 38}}, {"pk": 1141, "model": "common.authorordermodule", "fields": {"metadata": 31, "order": 0, "author": 1}}, {"pk": 1142, "model": "common.authorordermodule", "fields": {"metadata": 31, "order": 1, "author": 19}}, {"pk": 1143, "model": "common.authorordermodule", "fields": {"metadata": 31, "order": 2, "author": 42}}, {"pk": 1144, "model": "common.authorordermodule", "fields": {"metadata": 31, "order": 3, "author": 44}}, {"pk": 1145, "model": "common.authorordermodule", "fields": {"metadata": 31, "order": 4, "author": 27}}, {"pk": 1146, "model": "common.authorordermodule", "fields": {"metadata": 31, "order": 5, "author": 36}}, {"pk": 1147, "model": "common.authorordermodule", "fields": {"metadata": 31, "order": 6, "author": 39}}, {"pk": 1148, "model": "common.authorordermodule", "fields": {"metadata": 31, "order": 7, "author": 8}}, {"pk": 1149, "model": "common.authorordermodule", "fields": {"metadata": 31, "order": 8, "author": 9}}, {"pk": 1150, "model": "common.authorordermodule", "fields": {"metadata": 31, "order": 9, "author": 10}}, {"pk": 1151, "model": "common.authorordermodule", "fields": {"metadata": 31, "order": 10, "author": 11}}, {"pk": 1152, "model": "common.authorordermodule", "fields": {"metadata": 31, "order": 11, "author": 40}}, {"pk": 1153, "model": "common.authorordermodule", "fields": {"metadata": 31, "order": 12, "author": 41}}, {"pk": 1154, "model": "common.authorordermodule", "fields": {"metadata": 31, "order": 13, "author": 14}}, {"pk": 1155, "model": "common.authorordermodule", "fields": {"metadata": 31, "order": 14, "author": 15}}, {"pk": 1156, "model": "common.authorordermodule", "fields": {"metadata": 31, "order": 15, "author": 16}}, {"pk": 1157, "model": "common.authorordermodule", "fields": {"metadata": 31, "order": 16, "author": 17}}, {"pk": 1158, "model": "common.authorordermodule", "fields": {"metadata": 31, "order": 17, "author": 18}}, {"pk": 1159, "model": "common.authorordermodule", "fields": {"metadata": 31, "order": 18, "author": 20}}, {"pk": 1160, "model": "common.authorordermodule", "fields": {"metadata": 31, "order": 19, "author": 21}}, {"pk": 1161, "model": "common.authorordermodule", "fields": {"metadata": 31, "order": 20, "author": 22}}, {"pk": 1162, "model": "common.authorordermodule", "fields": {"metadata": 31, "order": 21, "author": 23}}, {"pk": 1163, "model": "common.authorordermodule", "fields": {"metadata": 31, "order": 22, "author": 24}}, {"pk": 1164, "model": "common.authorordermodule", "fields": {"metadata": 31, "order": 23, "author": 26}}, {"pk": 1165, "model": "common.authorordermodule", "fields": {"metadata": 31, "order": 24, "author": 3}}, {"pk": 1166, "model": "common.authorordermodule", "fields": {"metadata": 31, "order": 25, "author": 28}}, {"pk": 1167, "model": "common.authorordermodule", "fields": {"metadata": 31, "order": 26, "author": 29}}, {"pk": 1168, "model": "common.authorordermodule", "fields": {"metadata": 31, "order": 27, "author": 30}}, {"pk": 1169, "model": "common.authorordermodule", "fields": {"metadata": 31, "order": 28, "author": 4}}, {"pk": 1170, "model": "common.authorordermodule", "fields": {"metadata": 31, "order": 29, "author": 43}}, {"pk": 1171, "model": "common.authorordermodule", "fields": {"metadata": 31, "order": 30, "author": 32}}, {"pk": 1172, "model": "common.authorordermodule", "fields": {"metadata": 31, "order": 31, "author": 33}}, {"pk": 1173, "model": "common.authorordermodule", "fields": {"metadata": 31, "order": 32, "author": 5}}, {"pk": 1174, "model": "common.authorordermodule", "fields": {"metadata": 31, "order": 33, "author": 6}}, {"pk": 1175, "model": "common.authorordermodule", "fields": {"metadata": 31, "order": 34, "author": 34}}, {"pk": 1176, "model": "common.authorordermodule", "fields": {"metadata": 31, "order": 35, "author": 37}}, {"pk": 1177, "model": "common.authorordermodule", "fields": {"metadata": 31, "order": 36, "author": 35}}, {"pk": 1178, "model": "common.authorordermodule", "fields": {"metadata": 31, "order": 37, "author": 38}}, {"pk": 1179, "model": "common.authorordermodule", "fields": {"metadata": 32, "order": 0, "author": 1}}, {"pk": 1180, "model": "common.authorordermodule", "fields": {"metadata": 32, "order": 1, "author": 19}}, {"pk": 1181, "model": "common.authorordermodule", "fields": {"metadata": 32, "order": 2, "author": 42}}, {"pk": 1182, "model": "common.authorordermodule", "fields": {"metadata": 32, "order": 3, "author": 44}}, {"pk": 1183, "model": "common.authorordermodule", "fields": {"metadata": 32, "order": 4, "author": 27}}, {"pk": 1184, "model": "common.authorordermodule", "fields": {"metadata": 32, "order": 5, "author": 36}}, {"pk": 1185, "model": "common.authorordermodule", "fields": {"metadata": 32, "order": 6, "author": 39}}, {"pk": 1186, "model": "common.authorordermodule", "fields": {"metadata": 32, "order": 7, "author": 8}}, {"pk": 1187, "model": "common.authorordermodule", "fields": {"metadata": 32, "order": 8, "author": 9}}, {"pk": 1188, "model": "common.authorordermodule", "fields": {"metadata": 32, "order": 9, "author": 10}}, {"pk": 1189, "model": "common.authorordermodule", "fields": {"metadata": 32, "order": 10, "author": 11}}, {"pk": 1190, "model": "common.authorordermodule", "fields": {"metadata": 32, "order": 11, "author": 40}}, {"pk": 1191, "model": "common.authorordermodule", "fields": {"metadata": 32, "order": 12, "author": 41}}, {"pk": 1192, "model": "common.authorordermodule", "fields": {"metadata": 32, "order": 13, "author": 14}}, {"pk": 1193, "model": "common.authorordermodule", "fields": {"metadata": 32, "order": 14, "author": 15}}, {"pk": 1194, "model": "common.authorordermodule", "fields": {"metadata": 32, "order": 15, "author": 16}}, {"pk": 1195, "model": "common.authorordermodule", "fields": {"metadata": 32, "order": 16, "author": 17}}, {"pk": 1196, "model": "common.authorordermodule", "fields": {"metadata": 32, "order": 17, "author": 18}}, {"pk": 1197, "model": "common.authorordermodule", "fields": {"metadata": 32, "order": 18, "author": 20}}, {"pk": 1198, "model": "common.authorordermodule", "fields": {"metadata": 32, "order": 19, "author": 21}}, {"pk": 1199, "model": "common.authorordermodule", "fields": {"metadata": 32, "order": 20, "author": 22}}, {"pk": 1200, "model": "common.authorordermodule", "fields": {"metadata": 32, "order": 21, "author": 23}}, {"pk": 1201, "model": "common.authorordermodule", "fields": {"metadata": 32, "order": 22, "author": 24}}, {"pk": 1202, "model": "common.authorordermodule", "fields": {"metadata": 32, "order": 23, "author": 26}}, {"pk": 1203, "model": "common.authorordermodule", "fields": {"metadata": 32, "order": 24, "author": 3}}, {"pk": 1204, "model": "common.authorordermodule", "fields": {"metadata": 32, "order": 25, "author": 28}}, {"pk": 1205, "model": "common.authorordermodule", "fields": {"metadata": 32, "order": 26, "author": 29}}, {"pk": 1206, "model": "common.authorordermodule", "fields": {"metadata": 32, "order": 27, "author": 30}}, {"pk": 1207, "model": "common.authorordermodule", "fields": {"metadata": 32, "order": 28, "author": 4}}, {"pk": 1208, "model": "common.authorordermodule", "fields": {"metadata": 32, "order": 29, "author": 43}}, {"pk": 1209, "model": "common.authorordermodule", "fields": {"metadata": 32, "order": 30, "author": 32}}, {"pk": 1210, "model": "common.authorordermodule", "fields": {"metadata": 32, "order": 31, "author": 33}}, {"pk": 1211, "model": "common.authorordermodule", "fields": {"metadata": 32, "order": 32, "author": 5}}, {"pk": 1212, "model": "common.authorordermodule", "fields": {"metadata": 32, "order": 33, "author": 6}}, {"pk": 1213, "model": "common.authorordermodule", "fields": {"metadata": 32, "order": 34, "author": 34}}, {"pk": 1214, "model": "common.authorordermodule", "fields": {"metadata": 32, "order": 35, "author": 37}}, {"pk": 1215, "model": "common.authorordermodule", "fields": {"metadata": 32, "order": 36, "author": 35}}, {"pk": 1216, "model": "common.authorordermodule", "fields": {"metadata": 32, "order": 37, "author": 38}}, {"pk": 1217, "model": "common.authorordermodule", "fields": {"metadata": 33, "order": 0, "author": 1}}, {"pk": 1218, "model": "common.authorordermodule", "fields": {"metadata": 33, "order": 1, "author": 19}}, {"pk": 1219, "model": "common.authorordermodule", "fields": {"metadata": 33, "order": 2, "author": 42}}, {"pk": 1220, "model": "common.authorordermodule", "fields": {"metadata": 33, "order": 3, "author": 44}}, {"pk": 1221, "model": "common.authorordermodule", "fields": {"metadata": 33, "order": 4, "author": 27}}, {"pk": 1222, "model": "common.authorordermodule", "fields": {"metadata": 33, "order": 5, "author": 36}}, {"pk": 1223, "model": "common.authorordermodule", "fields": {"metadata": 33, "order": 6, "author": 39}}, {"pk": 1224, "model": "common.authorordermodule", "fields": {"metadata": 33, "order": 7, "author": 8}}, {"pk": 1225, "model": "common.authorordermodule", "fields": {"metadata": 33, "order": 8, "author": 9}}, {"pk": 1226, "model": "common.authorordermodule", "fields": {"metadata": 33, "order": 9, "author": 10}}, {"pk": 1227, "model": "common.authorordermodule", "fields": {"metadata": 33, "order": 10, "author": 11}}, {"pk": 1228, "model": "common.authorordermodule", "fields": {"metadata": 33, "order": 11, "author": 40}}, {"pk": 1229, "model": "common.authorordermodule", "fields": {"metadata": 33, "order": 12, "author": 41}}, {"pk": 1230, "model": "common.authorordermodule", "fields": {"metadata": 33, "order": 13, "author": 14}}, {"pk": 1231, "model": "common.authorordermodule", "fields": {"metadata": 33, "order": 14, "author": 15}}, {"pk": 1232, "model": "common.authorordermodule", "fields": {"metadata": 33, "order": 15, "author": 16}}, {"pk": 1233, "model": "common.authorordermodule", "fields": {"metadata": 33, "order": 16, "author": 17}}, {"pk": 1234, "model": "common.authorordermodule", "fields": {"metadata": 33, "order": 17, "author": 18}}, {"pk": 1235, "model": "common.authorordermodule", "fields": {"metadata": 33, "order": 18, "author": 20}}, {"pk": 1236, "model": "common.authorordermodule", "fields": {"metadata": 33, "order": 19, "author": 21}}, {"pk": 1237, "model": "common.authorordermodule", "fields": {"metadata": 33, "order": 20, "author": 22}}, {"pk": 1238, "model": "common.authorordermodule", "fields": {"metadata": 33, "order": 21, "author": 23}}, {"pk": 1239, "model": "common.authorordermodule", "fields": {"metadata": 33, "order": 22, "author": 24}}, {"pk": 1240, "model": "common.authorordermodule", "fields": {"metadata": 33, "order": 23, "author": 26}}, {"pk": 1241, "model": "common.authorordermodule", "fields": {"metadata": 33, "order": 24, "author": 3}}, {"pk": 1242, "model": "common.authorordermodule", "fields": {"metadata": 33, "order": 25, "author": 28}}, {"pk": 1243, "model": "common.authorordermodule", "fields": {"metadata": 33, "order": 26, "author": 29}}, {"pk": 1244, "model": "common.authorordermodule", "fields": {"metadata": 33, "order": 27, "author": 30}}, {"pk": 1245, "model": "common.authorordermodule", "fields": {"metadata": 33, "order": 28, "author": 4}}, {"pk": 1246, "model": "common.authorordermodule", "fields": {"metadata": 33, "order": 29, "author": 43}}, {"pk": 1247, "model": "common.authorordermodule", "fields": {"metadata": 33, "order": 30, "author": 32}}, {"pk": 1248, "model": "common.authorordermodule", "fields": {"metadata": 33, "order": 31, "author": 33}}, {"pk": 1249, "model": "common.authorordermodule", "fields": {"metadata": 33, "order": 32, "author": 5}}, {"pk": 1250, "model": "common.authorordermodule", "fields": {"metadata": 33, "order": 33, "author": 6}}, {"pk": 1251, "model": "common.authorordermodule", "fields": {"metadata": 33, "order": 34, "author": 34}}, {"pk": 1252, "model": "common.authorordermodule", "fields": {"metadata": 33, "order": 35, "author": 37}}, {"pk": 1253, "model": "common.authorordermodule", "fields": {"metadata": 33, "order": 36, "author": 35}}, {"pk": 1254, "model": "common.authorordermodule", "fields": {"metadata": 33, "order": 37, "author": 38}}, {"pk": 1255, "model": "common.authorordermodule", "fields": {"metadata": 34, "order": 0, "author": 1}}, {"pk": 1256, "model": "common.authorordermodule", "fields": {"metadata": 34, "order": 1, "author": 19}}, {"pk": 1257, "model": "common.authorordermodule", "fields": {"metadata": 34, "order": 2, "author": 42}}, {"pk": 1258, "model": "common.authorordermodule", "fields": {"metadata": 34, "order": 3, "author": 44}}, {"pk": 1259, "model": "common.authorordermodule", "fields": {"metadata": 34, "order": 4, "author": 27}}, {"pk": 1260, "model": "common.authorordermodule", "fields": {"metadata": 34, "order": 5, "author": 36}}, {"pk": 1261, "model": "common.authorordermodule", "fields": {"metadata": 34, "order": 6, "author": 39}}, {"pk": 1262, "model": "common.authorordermodule", "fields": {"metadata": 34, "order": 7, "author": 8}}, {"pk": 1263, "model": "common.authorordermodule", "fields": {"metadata": 34, "order": 8, "author": 9}}, {"pk": 1264, "model": "common.authorordermodule", "fields": {"metadata": 34, "order": 9, "author": 10}}, {"pk": 1265, "model": "common.authorordermodule", "fields": {"metadata": 34, "order": 10, "author": 11}}, {"pk": 1266, "model": "common.authorordermodule", "fields": {"metadata": 34, "order": 11, "author": 40}}, {"pk": 1267, "model": "common.authorordermodule", "fields": {"metadata": 34, "order": 12, "author": 41}}, {"pk": 1268, "model": "common.authorordermodule", "fields": {"metadata": 34, "order": 13, "author": 14}}, {"pk": 1269, "model": "common.authorordermodule", "fields": {"metadata": 34, "order": 14, "author": 15}}, {"pk": 1270, "model": "common.authorordermodule", "fields": {"metadata": 34, "order": 15, "author": 16}}, {"pk": 1271, "model": "common.authorordermodule", "fields": {"metadata": 34, "order": 16, "author": 17}}, {"pk": 1272, "model": "common.authorordermodule", "fields": {"metadata": 34, "order": 17, "author": 18}}, {"pk": 1273, "model": "common.authorordermodule", "fields": {"metadata": 34, "order": 18, "author": 20}}, {"pk": 1274, "model": "common.authorordermodule", "fields": {"metadata": 34, "order": 19, "author": 21}}, {"pk": 1275, "model": "common.authorordermodule", "fields": {"metadata": 34, "order": 20, "author": 22}}, {"pk": 1276, "model": "common.authorordermodule", "fields": {"metadata": 34, "order": 21, "author": 23}}, {"pk": 1277, "model": "common.authorordermodule", "fields": {"metadata": 34, "order": 22, "author": 24}}, {"pk": 1278, "model": "common.authorordermodule", "fields": {"metadata": 34, "order": 23, "author": 26}}, {"pk": 1279, "model": "common.authorordermodule", "fields": {"metadata": 34, "order": 24, "author": 3}}, {"pk": 1280, "model": "common.authorordermodule", "fields": {"metadata": 34, "order": 25, "author": 28}}, {"pk": 1281, "model": "common.authorordermodule", "fields": {"metadata": 34, "order": 26, "author": 29}}, {"pk": 1282, "model": "common.authorordermodule", "fields": {"metadata": 34, "order": 27, "author": 30}}, {"pk": 1283, "model": "common.authorordermodule", "fields": {"metadata": 34, "order": 28, "author": 4}}, {"pk": 1284, "model": "common.authorordermodule", "fields": {"metadata": 34, "order": 29, "author": 43}}, {"pk": 1285, "model": "common.authorordermodule", "fields": {"metadata": 34, "order": 30, "author": 32}}, {"pk": 1286, "model": "common.authorordermodule", "fields": {"metadata": 34, "order": 31, "author": 33}}, {"pk": 1287, "model": "common.authorordermodule", "fields": {"metadata": 34, "order": 32, "author": 5}}, {"pk": 1288, "model": "common.authorordermodule", "fields": {"metadata": 34, "order": 33, "author": 6}}, {"pk": 1289, "model": "common.authorordermodule", "fields": {"metadata": 34, "order": 34, "author": 34}}, {"pk": 1290, "model": "common.authorordermodule", "fields": {"metadata": 34, "order": 35, "author": 37}}, {"pk": 1291, "model": "common.authorordermodule", "fields": {"metadata": 34, "order": 36, "author": 35}}, {"pk": 1292, "model": "common.authorordermodule", "fields": {"metadata": 34, "order": 37, "author": 38}}, {"pk": 1293, "model": "common.authorordermodule", "fields": {"metadata": 35, "order": 0, "author": 1}}, {"pk": 1294, "model": "common.authorordermodule", "fields": {"metadata": 35, "order": 1, "author": 19}}, {"pk": 1295, "model": "common.authorordermodule", "fields": {"metadata": 35, "order": 2, "author": 42}}, {"pk": 1296, "model": "common.authorordermodule", "fields": {"metadata": 35, "order": 3, "author": 44}}, {"pk": 1297, "model": "common.authorordermodule", "fields": {"metadata": 35, "order": 4, "author": 27}}, {"pk": 1298, "model": "common.authorordermodule", "fields": {"metadata": 35, "order": 5, "author": 36}}, {"pk": 1299, "model": "common.authorordermodule", "fields": {"metadata": 35, "order": 6, "author": 39}}, {"pk": 1300, "model": "common.authorordermodule", "fields": {"metadata": 35, "order": 7, "author": 8}}, {"pk": 1301, "model": "common.authorordermodule", "fields": {"metadata": 35, "order": 8, "author": 9}}, {"pk": 1302, "model": "common.authorordermodule", "fields": {"metadata": 35, "order": 9, "author": 10}}, {"pk": 1303, "model": "common.authorordermodule", "fields": {"metadata": 35, "order": 10, "author": 11}}, {"pk": 1304, "model": "common.authorordermodule", "fields": {"metadata": 35, "order": 11, "author": 40}}, {"pk": 1305, "model": "common.authorordermodule", "fields": {"metadata": 35, "order": 12, "author": 41}}, {"pk": 1306, "model": "common.authorordermodule", "fields": {"metadata": 35, "order": 13, "author": 14}}, {"pk": 1307, "model": "common.authorordermodule", "fields": {"metadata": 35, "order": 14, "author": 15}}, {"pk": 1308, "model": "common.authorordermodule", "fields": {"metadata": 35, "order": 15, "author": 16}}, {"pk": 1309, "model": "common.authorordermodule", "fields": {"metadata": 35, "order": 16, "author": 17}}, {"pk": 1310, "model": "common.authorordermodule", "fields": {"metadata": 35, "order": 17, "author": 18}}, {"pk": 1311, "model": "common.authorordermodule", "fields": {"metadata": 35, "order": 18, "author": 20}}, {"pk": 1312, "model": "common.authorordermodule", "fields": {"metadata": 35, "order": 19, "author": 21}}, {"pk": 1313, "model": "common.authorordermodule", "fields": {"metadata": 35, "order": 20, "author": 22}}, {"pk": 1314, "model": "common.authorordermodule", "fields": {"metadata": 35, "order": 21, "author": 23}}, {"pk": 1315, "model": "common.authorordermodule", "fields": {"metadata": 35, "order": 22, "author": 24}}, {"pk": 1316, "model": "common.authorordermodule", "fields": {"metadata": 35, "order": 23, "author": 26}}, {"pk": 1317, "model": "common.authorordermodule", "fields": {"metadata": 35, "order": 24, "author": 3}}, {"pk": 1318, "model": "common.authorordermodule", "fields": {"metadata": 35, "order": 25, "author": 28}}, {"pk": 1319, "model": "common.authorordermodule", "fields": {"metadata": 35, "order": 26, "author": 29}}, {"pk": 1320, "model": "common.authorordermodule", "fields": {"metadata": 35, "order": 27, "author": 30}}, {"pk": 1321, "model": "common.authorordermodule", "fields": {"metadata": 35, "order": 28, "author": 4}}, {"pk": 1322, "model": "common.authorordermodule", "fields": {"metadata": 35, "order": 29, "author": 43}}, {"pk": 1323, "model": "common.authorordermodule", "fields": {"metadata": 35, "order": 30, "author": 32}}, {"pk": 1324, "model": "common.authorordermodule", "fields": {"metadata": 35, "order": 31, "author": 33}}, {"pk": 1325, "model": "common.authorordermodule", "fields": {"metadata": 35, "order": 32, "author": 5}}, {"pk": 1326, "model": "common.authorordermodule", "fields": {"metadata": 35, "order": 33, "author": 6}}, {"pk": 1327, "model": "common.authorordermodule", "fields": {"metadata": 35, "order": 34, "author": 34}}, {"pk": 1328, "model": "common.authorordermodule", "fields": {"metadata": 35, "order": 35, "author": 37}}, {"pk": 1329, "model": "common.authorordermodule", "fields": {"metadata": 35, "order": 36, "author": 35}}, {"pk": 1330, "model": "common.authorordermodule", "fields": {"metadata": 35, "order": 37, "author": 38}}, {"pk": 1331, "model": "common.authorordermodule", "fields": {"metadata": 36, "order": 0, "author": 1}}, {"pk": 1332, "model": "common.authorordermodule", "fields": {"metadata": 36, "order": 1, "author": 19}}, {"pk": 1333, "model": "common.authorordermodule", "fields": {"metadata": 36, "order": 2, "author": 42}}, {"pk": 1334, "model": "common.authorordermodule", "fields": {"metadata": 36, "order": 3, "author": 44}}, {"pk": 1335, "model": "common.authorordermodule", "fields": {"metadata": 36, "order": 4, "author": 27}}, {"pk": 1336, "model": "common.authorordermodule", "fields": {"metadata": 36, "order": 5, "author": 36}}, {"pk": 1337, "model": "common.authorordermodule", "fields": {"metadata": 36, "order": 6, "author": 39}}, {"pk": 1338, "model": "common.authorordermodule", "fields": {"metadata": 36, "order": 7, "author": 8}}, {"pk": 1339, "model": "common.authorordermodule", "fields": {"metadata": 36, "order": 8, "author": 9}}, {"pk": 1340, "model": "common.authorordermodule", "fields": {"metadata": 36, "order": 9, "author": 10}}, {"pk": 1341, "model": "common.authorordermodule", "fields": {"metadata": 36, "order": 10, "author": 11}}, {"pk": 1342, "model": "common.authorordermodule", "fields": {"metadata": 36, "order": 11, "author": 40}}, {"pk": 1343, "model": "common.authorordermodule", "fields": {"metadata": 36, "order": 12, "author": 41}}, {"pk": 1344, "model": "common.authorordermodule", "fields": {"metadata": 36, "order": 13, "author": 14}}, {"pk": 1345, "model": "common.authorordermodule", "fields": {"metadata": 36, "order": 14, "author": 15}}, {"pk": 1346, "model": "common.authorordermodule", "fields": {"metadata": 36, "order": 15, "author": 16}}, {"pk": 1347, "model": "common.authorordermodule", "fields": {"metadata": 36, "order": 16, "author": 17}}, {"pk": 1348, "model": "common.authorordermodule", "fields": {"metadata": 36, "order": 17, "author": 18}}, {"pk": 1349, "model": "common.authorordermodule", "fields": {"metadata": 36, "order": 18, "author": 20}}, {"pk": 1350, "model": "common.authorordermodule", "fields": {"metadata": 36, "order": 19, "author": 21}}, {"pk": 1351, "model": "common.authorordermodule", "fields": {"metadata": 36, "order": 20, "author": 22}}, {"pk": 1352, "model": "common.authorordermodule", "fields": {"metadata": 36, "order": 21, "author": 23}}, {"pk": 1353, "model": "common.authorordermodule", "fields": {"metadata": 36, "order": 22, "author": 24}}, {"pk": 1354, "model": "common.authorordermodule", "fields": {"metadata": 36, "order": 23, "author": 26}}, {"pk": 1355, "model": "common.authorordermodule", "fields": {"metadata": 36, "order": 24, "author": 3}}, {"pk": 1356, "model": "common.authorordermodule", "fields": {"metadata": 36, "order": 25, "author": 28}}, {"pk": 1357, "model": "common.authorordermodule", "fields": {"metadata": 36, "order": 26, "author": 29}}, {"pk": 1358, "model": "common.authorordermodule", "fields": {"metadata": 36, "order": 27, "author": 30}}, {"pk": 1359, "model": "common.authorordermodule", "fields": {"metadata": 36, "order": 28, "author": 4}}, {"pk": 1360, "model": "common.authorordermodule", "fields": {"metadata": 36, "order": 29, "author": 43}}, {"pk": 1361, "model": "common.authorordermodule", "fields": {"metadata": 36, "order": 30, "author": 32}}, {"pk": 1362, "model": "common.authorordermodule", "fields": {"metadata": 36, "order": 31, "author": 33}}, {"pk": 1363, "model": "common.authorordermodule", "fields": {"metadata": 36, "order": 32, "author": 5}}, {"pk": 1364, "model": "common.authorordermodule", "fields": {"metadata": 36, "order": 33, "author": 6}}, {"pk": 1365, "model": "common.authorordermodule", "fields": {"metadata": 36, "order": 34, "author": 34}}, {"pk": 1366, "model": "common.authorordermodule", "fields": {"metadata": 36, "order": 35, "author": 37}}, {"pk": 1367, "model": "common.authorordermodule", "fields": {"metadata": 36, "order": 36, "author": 35}}, {"pk": 1368, "model": "common.authorordermodule", "fields": {"metadata": 36, "order": 37, "author": 38}}, {"pk": 1369, "model": "common.authorordermodule", "fields": {"metadata": 37, "order": 0, "author": 45}}, {"pk": 1, "model": "common.authorordercollection", "fields": {"metadata": 2, "order": 0, "author": 1}}, {"pk": 2, "model": "common.authorordercollection", "fields": {"metadata": 2, "order": 1, "author": 2}}, {"pk": 3, "model": "common.authorordercollection", "fields": {"metadata": 2, "order": 2, "author": 3}}, {"pk": 4, "model": "common.authorordercollection", "fields": {"metadata": 2, "order": 3, "author": 4}}, {"pk": 5, "model": "common.authorordercollection", "fields": {"metadata": 2, "order": 4, "author": 5}}, {"pk": 6, "model": "common.authorordercollection", "fields": {"metadata": 2, "order": 5, "author": 6}}, {"pk": 7, "model": "common.authorordercollection", "fields": {"metadata": 2, "order": 6, "author": 7}}, {"pk": 8, "model": "common.authorordercollection", "fields": {"metadata": 2, "order": 7, "author": 8}}, {"pk": 9, "model": "common.authorordercollection", "fields": {"metadata": 2, "order": 8, "author": 9}}, {"pk": 10, "model": "common.authorordercollection", "fields": {"metadata": 2, "order": 9, "author": 10}}, {"pk": 11, "model": "common.authorordercollection", "fields": {"metadata": 2, "order": 10, "author": 11}}, {"pk": 12, "model": "common.authorordercollection", "fields": {"metadata": 2, "order": 11, "author": 12}}, {"pk": 13, "model": "common.authorordercollection", "fields": {"metadata": 2, "order": 12, "author": 13}}, {"pk": 14, "model": "common.authorordercollection", "fields": {"metadata": 2, "order": 13, "author": 14}}, {"pk": 15, "model": "common.authorordercollection", "fields": {"metadata": 2, "order": 14, "author": 15}}, {"pk": 16, "model": "common.authorordercollection", "fields": {"metadata": 2, "order": 15, "author": 16}}, {"pk": 17, "model": "common.authorordercollection", "fields": {"metadata": 2, "order": 16, "author": 17}}, {"pk": 18, "model": "common.authorordercollection", "fields": {"metadata": 2, "order": 17, "author": 18}}, {"pk": 19, "model": "common.authorordercollection", "fields": {"metadata": 2, "order": 18, "author": 19}}, {"pk": 20, "model": "common.authorordercollection", "fields": {"metadata": 2, "order": 19, "author": 20}}, {"pk": 21, "model": "common.authorordercollection", "fields": {"metadata": 2, "order": 20, "author": 21}}, {"pk": 22, "model": "common.authorordercollection", "fields": {"metadata": 2, "order": 21, "author": 22}}, {"pk": 23, "model": "common.authorordercollection", "fields": {"metadata": 2, "order": 22, "author": 23}}, {"pk": 24, "model": "common.authorordercollection", "fields": {"metadata": 2, "order": 23, "author": 24}}, {"pk": 25, "model": "common.authorordercollection", "fields": {"metadata": 2, "order": 24, "author": 25}}, {"pk": 26, "model": "common.authorordercollection", "fields": {"metadata": 2, "order": 25, "author": 26}}, {"pk": 27, "model": "common.authorordercollection", "fields": {"metadata": 2, "order": 26, "author": 27}}, {"pk": 28, "model": "common.authorordercollection", "fields": {"metadata": 2, "order": 27, "author": 28}}, {"pk": 29, "model": "common.authorordercollection", "fields": {"metadata": 2, "order": 28, "author": 29}}, {"pk": 30, "model": "common.authorordercollection", "fields": {"metadata": 2, "order": 29, "author": 30}}, {"pk": 31, "model": "common.authorordercollection", "fields": {"metadata": 2, "order": 30, "author": 31}}, {"pk": 32, "model": "common.authorordercollection", "fields": {"metadata": 2, "order": 31, "author": 32}}, {"pk": 33, "model": "common.authorordercollection", "fields": {"metadata": 2, "order": 32, "author": 33}}, {"pk": 34, "model": "common.authorordercollection", "fields": {"metadata": 2, "order": 33, "author": 34}}, {"pk": 35, "model": "common.authorordercollection", "fields": {"metadata": 2, "order": 34, "author": 35}}, {"pk": 36, "model": "common.authorordercollection", "fields": {"metadata": 2, "order": 35, "author": 36}}, {"pk": 37, "model": "common.authorordercollection", "fields": {"metadata": 2, "order": 36, "author": 37}}, {"pk": 38, "model": "common.authorordercollection", "fields": {"metadata": 2, "order": 37, "author": 38}}, {"pk": 39, "model": "common.authorordercollection", "fields": {"metadata": 17, "order": 0, "author": 1}}, {"pk": 40, "model": "common.authorordercollection", "fields": {"metadata": 17, "order": 1, "author": 10}}, {"pk": 41, "model": "common.authorordercollection", "fields": {"metadata": 17, "order": 2, "author": 12}}, {"pk": 42, "model": "common.authorordercollection", "fields": {"metadata": 17, "order": 3, "author": 13}}, {"pk": 43, "model": "common.authorordercollection", "fields": {"metadata": 17, "order": 4, "author": 15}}, {"pk": 44, "model": "common.authorordercollection", "fields": {"metadata": 17, "order": 5, "author": 20}}, {"pk": 45, "model": "common.authorordercollection", "fields": {"metadata": 17, "order": 6, "author": 35}}, {"pk": 46, "model": "common.authorordercollection", "fields": {"metadata": 17, "order": 7, "author": 7}}, {"pk": 47, "model": "common.authorordercollection", "fields": {"metadata": 17, "order": 8, "author": 8}}, {"pk": 48, "model": "common.authorordercollection", "fields": {"metadata": 17, "order": 9, "author": 9}}, {"pk": 49, "model": "common.authorordercollection", "fields": {"metadata": 17, "order": 10, "author": 11}}, {"pk": 50, "model": "common.authorordercollection", "fields": {"metadata": 17, "order": 11, "author": 2}}, {"pk": 51, "model": "common.authorordercollection", "fields": {"metadata": 17, "order": 12, "author": 14}}, {"pk": 52, "model": "common.authorordercollection", "fields": {"metadata": 17, "order": 13, "author": 16}}, {"pk": 53, "model": "common.authorordercollection", "fields": {"metadata": 17, "order": 14, "author": 17}}, {"pk": 54, "model": "common.authorordercollection", "fields": {"metadata": 17, "order": 15, "author": 18}}, {"pk": 55, "model": "common.authorordercollection", "fields": {"metadata": 17, "order": 16, "author": 19}}, {"pk": 56, "model": "common.authorordercollection", "fields": {"metadata": 17, "order": 17, "author": 21}}, {"pk": 57, "model": "common.authorordercollection", "fields": {"metadata": 17, "order": 18, "author": 22}}, {"pk": 58, "model": "common.authorordercollection", "fields": {"metadata": 17, "order": 19, "author": 23}}, {"pk": 59, "model": "common.authorordercollection", "fields": {"metadata": 17, "order": 20, "author": 24}}, {"pk": 60, "model": "common.authorordercollection", "fields": {"metadata": 17, "order": 21, "author": 25}}, {"pk": 61, "model": "common.authorordercollection", "fields": {"metadata": 17, "order": 22, "author": 26}}, {"pk": 62, "model": "common.authorordercollection", "fields": {"metadata": 17, "order": 23, "author": 27}}, {"pk": 63, "model": "common.authorordercollection", "fields": {"metadata": 17, "order": 24, "author": 3}}, {"pk": 64, "model": "common.authorordercollection", "fields": {"metadata": 17, "order": 25, "author": 28}}, {"pk": 65, "model": "common.authorordercollection", "fields": {"metadata": 17, "order": 26, "author": 29}}, {"pk": 66, "model": "common.authorordercollection", "fields": {"metadata": 17, "order": 27, "author": 30}}, {"pk": 67, "model": "common.authorordercollection", "fields": {"metadata": 17, "order": 28, "author": 4}}, {"pk": 68, "model": "common.authorordercollection", "fields": {"metadata": 17, "order": 29, "author": 31}}, {"pk": 69, "model": "common.authorordercollection", "fields": {"metadata": 17, "order": 30, "author": 32}}, {"pk": 70, "model": "common.authorordercollection", "fields": {"metadata": 17, "order": 31, "author": 33}}, {"pk": 71, "model": "common.authorordercollection", "fields": {"metadata": 17, "order": 32, "author": 5}}, {"pk": 72, "model": "common.authorordercollection", "fields": {"metadata": 17, "order": 33, "author": 6}}, {"pk": 73, "model": "common.authorordercollection", "fields": {"metadata": 17, "order": 34, "author": 34}}, {"pk": 74, "model": "common.authorordercollection", "fields": {"metadata": 17, "order": 35, "author": 36}}, {"pk": 75, "model": "common.authorordercollection", "fields": {"metadata": 17, "order": 36, "author": 37}}, {"pk": 76, "model": "common.authorordercollection", "fields": {"metadata": 17, "order": 37, "author": 38}}, {"pk": 77, "model": "common.authorordercollection", "fields": {"metadata": 38, "order": 0, "author": 1}}, {"pk": 78, "model": "common.authorordercollection", "fields": {"metadata": 38, "order": 1, "author": 19}}, {"pk": 79, "model": "common.authorordercollection", "fields": {"metadata": 38, "order": 2, "author": 25}}, {"pk": 80, "model": "common.authorordercollection", "fields": {"metadata": 38, "order": 3, "author": 44}}, {"pk": 81, "model": "common.authorordercollection", "fields": {"metadata": 38, "order": 4, "author": 27}}, {"pk": 82, "model": "common.authorordercollection", "fields": {"metadata": 38, "order": 5, "author": 36}}, {"pk": 83, "model": "common.authorordercollection", "fields": {"metadata": 38, "order": 6, "author": 7}}, {"pk": 84, "model": "common.authorordercollection", "fields": {"metadata": 38, "order": 7, "author": 8}}, {"pk": 85, "model": "common.authorordercollection", "fields": {"metadata": 38, "order": 8, "author": 9}}, {"pk": 86, "model": "common.authorordercollection", "fields": {"metadata": 38, "order": 9, "author": 10}}, {"pk": 87, "model": "common.authorordercollection", "fields": {"metadata": 38, "order": 10, "author": 11}}, {"pk": 88, "model": "common.authorordercollection", "fields": {"metadata": 38, "order": 11, "author": 12}}, {"pk": 89, "model": "common.authorordercollection", "fields": {"metadata": 38, "order": 12, "author": 13}}, {"pk": 90, "model": "common.authorordercollection", "fields": {"metadata": 38, "order": 13, "author": 14}}, {"pk": 91, "model": "common.authorordercollection", "fields": {"metadata": 38, "order": 14, "author": 15}}, {"pk": 92, "model": "common.authorordercollection", "fields": {"metadata": 38, "order": 15, "author": 16}}, {"pk": 93, "model": "common.authorordercollection", "fields": {"metadata": 38, "order": 16, "author": 17}}, {"pk": 94, "model": "common.authorordercollection", "fields": {"metadata": 38, "order": 17, "author": 18}}, {"pk": 95, "model": "common.authorordercollection", "fields": {"metadata": 38, "order": 18, "author": 20}}, {"pk": 96, "model": "common.authorordercollection", "fields": {"metadata": 38, "order": 19, "author": 21}}, {"pk": 97, "model": "common.authorordercollection", "fields": {"metadata": 38, "order": 20, "author": 22}}, {"pk": 98, "model": "common.authorordercollection", "fields": {"metadata": 38, "order": 21, "author": 23}}, {"pk": 99, "model": "common.authorordercollection", "fields": {"metadata": 38, "order": 22, "author": 24}}, {"pk": 100, "model": "common.authorordercollection", "fields": {"metadata": 38, "order": 23, "author": 26}}, {"pk": 101, "model": "common.authorordercollection", "fields": {"metadata": 38, "order": 24, "author": 3}}, {"pk": 102, "model": "common.authorordercollection", "fields": {"metadata": 38, "order": 25, "author": 28}}, {"pk": 103, "model": "common.authorordercollection", "fields": {"metadata": 38, "order": 26, "author": 29}}, {"pk": 104, "model": "common.authorordercollection", "fields": {"metadata": 38, "order": 27, "author": 30}}, {"pk": 105, "model": "common.authorordercollection", "fields": {"metadata": 38, "order": 28, "author": 4}}, {"pk": 106, "model": "common.authorordercollection", "fields": {"metadata": 38, "order": 29, "author": 31}}, {"pk": 107, "model": "common.authorordercollection", "fields": {"metadata": 38, "order": 30, "author": 32}}, {"pk": 108, "model": "common.authorordercollection", "fields": {"metadata": 38, "order": 31, "author": 33}}, {"pk": 109, "model": "common.authorordercollection", "fields": {"metadata": 38, "order": 32, "author": 5}}, {"pk": 110, "model": "common.authorordercollection", "fields": {"metadata": 38, "order": 33, "author": 6}}, {"pk": 111, "model": "common.authorordercollection", "fields": {"metadata": 38, "order": 34, "author": 34}}, {"pk": 112, "model": "common.authorordercollection", "fields": {"metadata": 38, "order": 35, "author": 37}}, {"pk": 113, "model": "common.authorordercollection", "fields": {"metadata": 38, "order": 36, "author": 35}}, {"pk": 114, "model": "common.authorordercollection", "fields": {"metadata": 38, "order": 37, "author": 38}}, {"pk": 115, "model": "common.authorordercollection", "fields": {"metadata": 55, "order": 0, "author": 45}}, {"pk": 1, "model": "common.collectionstaticformat", "fields": {"present_in_interface": true, "present_in_api": true, "specification_code": "pdf", "collection": 2, "uncompressed_size": null}}, {"pk": 2, "model": "common.collectionstaticformat", "fields": {"present_in_interface": true, "present_in_api": true, "specification_code": "epub", "collection": 2, "uncompressed_size": null}}, {"pk": 3, "model": "common.collectionstaticformat", "fields": {"present_in_interface": true, "present_in_api": true, "specification_code": "pdf", "collection": 17, "uncompressed_size": null}}, {"pk": 4, "model": "common.collectionstaticformat", "fields": {"present_in_interface": true, "present_in_api": true, "specification_code": "epub", "collection": 17, "uncompressed_size": null}}, {"pk": 5, "model": "common.collectionstaticformat", "fields": {"present_in_interface": true, "present_in_api": true, "specification_code": "pdf", "collection": 38, "uncompressed_size": null}}, {"pk": 6, "model": "common.collectionstaticformat", "fields": {"present_in_interface": true, "present_in_api": true, "specification_code": "epub", "collection": 38, "uncompressed_size": null}}, {"pk": 1, "model": "common.womitype", "fields": {"name": "graphics"}}, {"pk": 2, "model": "common.womitype", "fields": {"name": "movie"}}, {"pk": 3, "model": "common.womitype", "fields": {"name": "sound"}}, {"pk": 4, "model": "common.womitype", "fields": {"name": "interactive"}}, {"pk": 5, "model": "common.womitype", "fields": {"name": "icon"}}, {"pk": 1, "model": "common.womi", "fields": {"title": "<unknown>", "womi_type": null, "womi_id": "669"}}, {"pk": 2, "model": "common.womi", "fields": {"title": "<unknown>", "womi_type": null, "womi_id": "768"}}, {"pk": 3, "model": "common.womi", "fields": {"title": "<unknown>", "womi_type": null, "womi_id": "670"}}, {"pk": 4, "model": "common.womi", "fields": {"title": "<unknown>", "womi_type": null, "womi_id": "671"}}, {"pk": 5, "model": "common.womi", "fields": {"title": "<unknown>", "womi_type": null, "womi_id": "712"}}, {"pk": 6, "model": "common.womi", "fields": {"title": "<unknown>", "womi_type": null, "womi_id": "713"}}, {"pk": 7, "model": "common.womi", "fields": {"title": "<unknown>", "womi_type": null, "womi_id": "710"}}, {"pk": 8, "model": "common.womi", "fields": {"title": "<unknown>", "womi_type": null, "womi_id": "863"}}, {"pk": 9, "model": "common.womi", "fields": {"title": "<unknown>", "womi_type": null, "womi_id": "618"}}, {"pk": 10, "model": "common.womi", "fields": {"title": "<unknown>", "womi_type": null, "womi_id": "619"}}, {"pk": 11, "model": "common.womi", "fields": {"title": "<unknown>", "womi_type": null, "womi_id": "620"}}, {"pk": 12, "model": "common.womi", "fields": {"title": "<unknown>", "womi_type": null, "womi_id": "714"}}, {"pk": 13, "model": "common.womi", "fields": {"title": "<unknown>", "womi_type": null, "womi_id": "621"}}, {"pk": 14, "model": "common.womi", "fields": {"title": "<unknown>", "womi_type": null, "womi_id": "622"}}, {"pk": 15, "model": "common.womi", "fields": {"title": "<unknown>", "womi_type": null, "womi_id": "715"}}, {"pk": 16, "model": "common.womi", "fields": {"title": "<unknown>", "womi_type": null, "womi_id": "716"}}, {"pk": 17, "model": "common.womi", "fields": {"title": "<unknown>", "womi_type": null, "womi_id": "769"}}, {"pk": 18, "model": "common.womi", "fields": {"title": "<unknown>", "womi_type": null, "womi_id": "770"}}, {"pk": 19, "model": "common.womi", "fields": {"title": "<unknown>", "womi_type": null, "womi_id": "687"}}, {"pk": 20, "model": "common.womi", "fields": {"title": "<unknown>", "womi_type": null, "womi_id": "672"}}, {"pk": 21, "model": "common.womi", "fields": {"title": "<unknown>", "womi_type": null, "womi_id": "631"}}, {"pk": 22, "model": "common.womi", "fields": {"title": "<unknown>", "womi_type": null, "womi_id": "632"}}, {"pk": 23, "model": "common.womi", "fields": {"title": "<unknown>", "womi_type": null, "womi_id": "819"}}, {"pk": 24, "model": "common.womi", "fields": {"title": "<unknown>", "womi_type": null, "womi_id": "633"}}, {"pk": 25, "model": "common.womi", "fields": {"title": "<unknown>", "womi_type": null, "womi_id": "634"}}, {"pk": 26, "model": "common.womi", "fields": {"title": "<unknown>", "womi_type": null, "womi_id": "820"}}, {"pk": 27, "model": "common.womi", "fields": {"title": "<unknown>", "womi_type": null, "womi_id": "635"}}, {"pk": 28, "model": "common.womi", "fields": {"title": "<unknown>", "womi_type": null, "womi_id": "636"}}, {"pk": 29, "model": "common.womi", "fields": {"title": "<unknown>", "womi_type": null, "womi_id": "638"}}, {"pk": 30, "model": "common.womi", "fields": {"title": "<unknown>", "womi_type": null, "womi_id": "639"}}, {"pk": 31, "model": "common.womi", "fields": {"title": "<unknown>", "womi_type": null, "womi_id": "823"}}, {"pk": 32, "model": "common.womi", "fields": {"title": "<unknown>", "womi_type": null, "womi_id": "825"}}, {"pk": 33, "model": "common.womi", "fields": {"title": "<unknown>", "womi_type": null, "womi_id": "826"}}, {"pk": 34, "model": "common.womi", "fields": {"title": "<unknown>", "womi_type": null, "womi_id": "827"}}, {"pk": 35, "model": "common.womi", "fields": {"title": "<unknown>", "womi_type": null, "womi_id": "640"}}, {"pk": 36, "model": "common.womi", "fields": {"title": "<unknown>", "womi_type": null, "womi_id": "641"}}, {"pk": 37, "model": "common.womi", "fields": {"title": "<unknown>", "womi_type": null, "womi_id": "642"}}, {"pk": 38, "model": "common.womi", "fields": {"title": "<unknown>", "womi_type": null, "womi_id": "848"}}, {"pk": 39, "model": "common.womi", "fields": {"title": "<unknown>", "womi_type": null, "womi_id": "850"}}, {"pk": 40, "model": "common.womi", "fields": {"title": "<unknown>", "womi_type": null, "womi_id": "645"}}, {"pk": 41, "model": "common.womi", "fields": {"title": "<unknown>", "womi_type": null, "womi_id": "851"}}, {"pk": 42, "model": "common.womi", "fields": {"title": "<unknown>", "womi_type": null, "womi_id": "646"}}, {"pk": 43, "model": "common.womi", "fields": {"title": "<unknown>", "womi_type": null, "womi_id": "647"}}, {"pk": 44, "model": "common.womi", "fields": {"title": "<unknown>", "womi_type": null, "womi_id": "648"}}, {"pk": 45, "model": "common.womi", "fields": {"title": "<unknown>", "womi_type": null, "womi_id": "649"}}, {"pk": 46, "model": "common.womi", "fields": {"title": "<unknown>", "womi_type": null, "womi_id": "650"}}, {"pk": 47, "model": "common.womi", "fields": {"title": "<unknown>", "womi_type": null, "womi_id": "651"}}, {"pk": 48, "model": "common.womi", "fields": {"title": "<unknown>", "womi_type": null, "womi_id": "652"}}, {"pk": 49, "model": "common.womi", "fields": {"title": "<unknown>", "womi_type": null, "womi_id": "653"}}, {"pk": 50, "model": "common.womi", "fields": {"title": "<unknown>", "womi_type": null, "womi_id": "654"}}, {"pk": 51, "model": "common.womi", "fields": {"title": "<unknown>", "womi_type": null, "womi_id": "705"}}, {"pk": 52, "model": "common.womi", "fields": {"title": "<unknown>", "womi_type": null, "womi_id": "659"}}, {"pk": 53, "model": "common.womi", "fields": {"title": "<unknown>", "womi_type": null, "womi_id": "660"}}, {"pk": 54, "model": "common.womi", "fields": {"title": "<unknown>", "womi_type": null, "womi_id": "661"}}, {"pk": 55, "model": "common.womi", "fields": {"title": "<unknown>", "womi_type": null, "womi_id": "662"}}, {"pk": 56, "model": "common.womi", "fields": {"title": "<unknown>", "womi_type": null, "womi_id": "663"}}, {"pk": 57, "model": "common.womi", "fields": {"title": "<unknown>", "womi_type": null, "womi_id": "818"}}, {"pk": 58, "model": "common.womi", "fields": {"title": "<unknown>", "womi_type": null, "womi_id": "817"}}, {"pk": 59, "model": "common.womi", "fields": {"title": "<unknown>", "womi_type": null, "womi_id": "331"}}, {"pk": 60, "model": "common.womi", "fields": {"title": "<unknown>", "womi_type": null, "womi_id": "332"}}, {"pk": 61, "model": "common.womi", "fields": {"title": "<unknown>", "womi_type": null, "womi_id": "356"}}, {"pk": 62, "model": "common.womi", "fields": {"title": "<unknown>", "womi_type": null, "womi_id": "334"}}, {"pk": 63, "model": "common.womi", "fields": {"title": "<unknown>", "womi_type": null, "womi_id": "335"}}, {"pk": 64, "model": "common.womi", "fields": {"title": "<unknown>", "womi_type": null, "womi_id": "336"}}, {"pk": 65, "model": "common.womi", "fields": {"title": "<unknown>", "womi_type": null, "womi_id": "337"}}, {"pk": 66, "model": "common.womi", "fields": {"title": "<unknown>", "womi_type": null, "womi_id": "388"}}, {"pk": 67, "model": "common.womi", "fields": {"title": "<unknown>", "womi_type": null, "womi_id": "338"}}, {"pk": 68, "model": "common.womi", "fields": {"title": "<unknown>", "womi_type": null, "womi_id": "339"}}, {"pk": 69, "model": "common.womi", "fields": {"title": "<unknown>", "womi_type": null, "womi_id": "542"}}, {"pk": 70, "model": "common.womi", "fields": {"title": "<unknown>", "womi_type": null, "womi_id": "340"}}, {"pk": 71, "model": "common.womi", "fields": {"title": "<unknown>", "womi_type": null, "womi_id": "341"}}, {"pk": 72, "model": "common.womi", "fields": {"title": "<unknown>", "womi_type": null, "womi_id": "342"}}, {"pk": 73, "model": "common.womi", "fields": {"title": "<unknown>", "womi_type": null, "womi_id": "355"}}, {"pk": 74, "model": "common.womi", "fields": {"title": "<unknown>", "womi_type": null, "womi_id": "343"}}, {"pk": 75, "model": "common.womi", "fields": {"title": "<unknown>", "womi_type": null, "womi_id": "344"}}, {"pk": 76, "model": "common.womi", "fields": {"title": "<unknown>", "womi_type": null, "womi_id": "345"}}, {"pk": 77, "model": "common.womi", "fields": {"title": "<unknown>", "womi_type": null, "womi_id": "346"}}, {"pk": 78, "model": "common.womi", "fields": {"title": "<unknown>", "womi_type": null, "womi_id": "347"}}, {"pk": 79, "model": "common.womi", "fields": {"title": "<unknown>", "womi_type": null, "womi_id": "348"}}, {"pk": 80, "model": "common.womi", "fields": {"title": "<unknown>", "womi_type": null, "womi_id": "349"}}, {"pk": 81, "model": "common.womi", "fields": {"title": "<unknown>", "womi_type": null, "womi_id": "350"}}, {"pk": 82, "model": "common.womi", "fields": {"title": "<unknown>", "womi_type": null, "womi_id": "351"}}, {"pk": 83, "model": "common.womi", "fields": {"title": "<unknown>", "womi_type": null, "womi_id": "352"}}, {"pk": 84, "model": "common.womi", "fields": {"title": "<unknown>", "womi_type": null, "womi_id": "353"}}, {"pk": 85, "model": "common.womi", "fields": {"title": "<unknown>", "womi_type": null, "womi_id": "354"}}, {"pk": 86, "model": "common.womi", "fields": {"title": "<unknown>", "womi_type": null, "womi_id": "366"}}, {"pk": 87, "model": "common.womi", "fields": {"title": "<unknown>", "womi_type": null, "womi_id": "367"}}, {"pk": 88, "model": "common.womi", "fields": {"title": "<unknown>", "womi_type": null, "womi_id": "369"}}, {"pk": 89, "model": "common.womi", "fields": {"title": "<unknown>", "womi_type": null, "womi_id": "370"}}, {"pk": 90, "model": "common.womi", "fields": {"title": "<unknown>", "womi_type": null, "womi_id": "371"}}, {"pk": 91, "model": "common.womi", "fields": {"title": "<unknown>", "womi_type": null, "womi_id": "372"}}, {"pk": 92, "model": "common.womi", "fields": {"title": "<unknown>", "womi_type": null, "womi_id": "358"}}, {"pk": 93, "model": "common.womi", "fields": {"title": "<unknown>", "womi_type": null, "womi_id": "374"}}, {"pk": 94, "model": "common.womi", "fields": {"title": "<unknown>", "womi_type": null, "womi_id": "359"}}, {"pk": 95, "model": "common.womi", "fields": {"title": "<unknown>", "womi_type": null, "womi_id": "360"}}, {"pk": 96, "model": "common.womi", "fields": {"title": "<unknown>", "womi_type": null, "womi_id": "361"}}, {"pk": 97, "model": "common.womi", "fields": {"title": "<unknown>", "womi_type": null, "womi_id": "362"}}, {"pk": 98, "model": "common.womi", "fields": {"title": "<unknown>", "womi_type": null, "womi_id": "363"}}, {"pk": 99, "model": "common.womi", "fields": {"title": "<unknown>", "womi_type": null, "womi_id": "364"}}, {"pk": 100, "model": "common.womi", "fields": {"title": "<unknown>", "womi_type": null, "womi_id": "365"}}, {"pk": 101, "model": "common.womi", "fields": {"title": "<unknown>", "womi_type": null, "womi_id": "375"}}, {"pk": 102, "model": "common.womi", "fields": {"title": "<unknown>", "womi_type": null, "womi_id": "376"}}, {"pk": 103, "model": "common.womi", "fields": {"title": "<unknown>", "womi_type": null, "womi_id": "377"}}, {"pk": 104, "model": "common.womi", "fields": {"title": "<unknown>", "womi_type": null, "womi_id": "378"}}, {"pk": 105, "model": "common.womi", "fields": {"title": "<unknown>", "womi_type": null, "womi_id": "379"}}, {"pk": 106, "model": "common.womi", "fields": {"title": "<unknown>", "womi_type": null, "womi_id": "380"}}, {"pk": 107, "model": "common.womi", "fields": {"title": "<unknown>", "womi_type": null, "womi_id": "381"}}, {"pk": 108, "model": "common.womi", "fields": {"title": "<unknown>", "womi_type": null, "womi_id": "389"}}, {"pk": 109, "model": "common.womi", "fields": {"title": "<unknown>", "womi_type": null, "womi_id": "390"}}, {"pk": 110, "model": "common.womi", "fields": {"title": "<unknown>", "womi_type": null, "womi_id": "394"}}, {"pk": 111, "model": "common.womi", "fields": {"title": "<unknown>", "womi_type": null, "womi_id": "391"}}, {"pk": 112, "model": "common.womi", "fields": {"title": "<unknown>", "womi_type": null, "womi_id": "393"}}, {"pk": 113, "model": "common.womi", "fields": {"title": "<unknown>", "womi_type": null, "womi_id": "382"}}, {"pk": 114, "model": "common.womi", "fields": {"title": "<unknown>", "womi_type": null, "womi_id": "383"}}, {"pk": 115, "model": "common.womi", "fields": {"title": "<unknown>", "womi_type": null, "womi_id": "384"}}, {"pk": 116, "model": "common.womi", "fields": {"title": "<unknown>", "womi_type": null, "womi_id": "385"}}, {"pk": 117, "model": "common.womi", "fields": {"title": "<unknown>", "womi_type": null, "womi_id": "392"}}, {"pk": 118, "model": "common.womi", "fields": {"title": "<unknown>", "womi_type": null, "womi_id": "386"}}, {"pk": 119, "model": "common.womi", "fields": {"title": "<unknown>", "womi_type": null, "womi_id": "387"}}, {"pk": 120, "model": "common.womi", "fields": {"title": "<unknown>", "womi_type": null, "womi_id": "185"}}, {"pk": 121, "model": "common.womi", "fields": {"title": "<unknown>", "womi_type": null, "womi_id": "186"}}, {"pk": 122, "model": "common.womi", "fields": {"title": "<unknown>", "womi_type": null, "womi_id": "272"}}, {"pk": 123, "model": "common.womi", "fields": {"title": "<unknown>", "womi_type": null, "womi_id": "214"}}, {"pk": 124, "model": "common.womi", "fields": {"title": "<unknown>", "womi_type": null, "womi_id": "273"}}, {"pk": 125, "model": "common.womi", "fields": {"title": "<unknown>", "womi_type": null, "womi_id": "215"}}, {"pk": 126, "model": "common.womi", "fields": {"title": "<unknown>", "womi_type": null, "womi_id": "266"}}, {"pk": 127, "model": "common.womi", "fields": {"title": "<unknown>", "womi_type": null, "womi_id": "216"}}, {"pk": 128, "model": "common.womi", "fields": {"title": "<unknown>", "womi_type": null, "womi_id": "217"}}, {"pk": 129, "model": "common.womi", "fields": {"title": "<unknown>", "womi_type": null, "womi_id": "246"}}, {"pk": 130, "model": "common.womi", "fields": {"title": "<unknown>", "womi_type": null, "womi_id": "267"}}, {"pk": 131, "model": "common.womi", "fields": {"title": "<unknown>", "womi_type": null, "womi_id": "219"}}, {"pk": 132, "model": "common.womi", "fields": {"title": "<unknown>", "womi_type": null, "womi_id": "220"}}, {"pk": 133, "model": "common.womi", "fields": {"title": "<unknown>", "womi_type": null, "womi_id": "221"}}, {"pk": 134, "model": "common.womi", "fields": {"title": "<unknown>", "womi_type": null, "womi_id": "250"}}, {"pk": 135, "model": "common.womi", "fields": {"title": "<unknown>", "womi_type": null, "womi_id": "268"}}, {"pk": 136, "model": "common.womi", "fields": {"title": "<unknown>", "womi_type": null, "womi_id": "307"}}, {"pk": 137, "model": "common.womi", "fields": {"title": "<unknown>", "womi_type": null, "womi_id": "308"}}, {"pk": 138, "model": "common.womi", "fields": {"title": "<unknown>", "womi_type": null, "womi_id": "309"}}, {"pk": 139, "model": "common.womi", "fields": {"title": "<unknown>", "womi_type": null, "womi_id": "310"}}, {"pk": 140, "model": "common.womi", "fields": {"title": "<unknown>", "womi_type": null, "womi_id": "691"}}, {"pk": 141, "model": "common.womi", "fields": {"title": "<unknown>", "womi_type": null, "womi_id": "694"}}, {"pk": 142, "model": "common.womi", "fields": {"title": "<unknown>", "womi_type": null, "womi_id": "248"}}, {"pk": 143, "model": "common.womi", "fields": {"title": "<unknown>", "womi_type": null, "womi_id": "312"}}, {"pk": 144, "model": "common.womi", "fields": {"title": "<unknown>", "womi_type": null, "womi_id": "313"}}, {"pk": 145, "model": "common.womi", "fields": {"title": "<unknown>", "womi_type": null, "womi_id": "314"}}, {"pk": 146, "model": "common.womi", "fields": {"title": "<unknown>", "womi_type": null, "womi_id": "315"}}, {"pk": 147, "model": "common.womi", "fields": {"title": "<unknown>", "womi_type": null, "womi_id": "253"}}, {"pk": 148, "model": "common.womi", "fields": {"title": "<unknown>", "womi_type": null, "womi_id": "252"}}, {"pk": 149, "model": "common.womi", "fields": {"title": "<unknown>", "womi_type": null, "womi_id": "10767"}}, {"pk": 150, "model": "common.womi", "fields": {"title": "<unknown>", "womi_type": null, "womi_id": "9000"}}, {"pk": 151, "model": "common.womi", "fields": {"title": "<unknown>", "womi_type": null, "womi_id": "9002"}}, {"pk": 152, "model": "common.womi", "fields": {"title": "<unknown>", "womi_type": null, "womi_id": "9003"}}, {"pk": 153, "model": "common.womi", "fields": {"title": "<unknown>", "womi_type": null, "womi_id": "9004"}}, {"pk": 154, "model": "common.womi", "fields": {"title": "<unknown>", "womi_type": null, "womi_id": "9005"}}, {"pk": 155, "model": "common.womi", "fields": {"title": "<unknown>", "womi_type": null, "womi_id": "9006"}}, {"pk": 156, "model": "common.womi", "fields": {"title": "<unknown>", "womi_type": null, "womi_id": "9008"}}, {"pk": 157, "model": "common.womi", "fields": {"title": "<unknown>", "womi_type": null, "womi_id": "9009"}}, {"pk": 158, "model": "common.womi", "fields": {"title": "<unknown>", "womi_type": null, "womi_id": "9010"}}, {"pk": 159, "model": "common.womi", "fields": {"title": "<unknown>", "womi_type": null, "womi_id": "11023"}}, {"pk": 160, "model": "common.womi", "fields": {"title": "<unknown>", "womi_type": null, "womi_id": "9011"}}, {"pk": 161, "model": "common.womi", "fields": {"title": "<unknown>", "womi_type": null, "womi_id": "10770"}}, {"pk": 162, "model": "common.womi", "fields": {"title": "<unknown>", "womi_type": null, "womi_id": "10771"}}, {"pk": 163, "model": "common.womi", "fields": {"title": "<unknown>", "womi_type": null, "womi_id": "10772"}}, {"pk": 164, "model": "common.womi", "fields": {"title": "<unknown>", "womi_type": null, "womi_id": "10766"}}, {"pk": 165, "model": "common.womi", "fields": {"title": "<unknown>", "womi_type": null, "womi_id": "9012"}}, {"pk": 166, "model": "common.womi", "fields": {"title": "<unknown>", "womi_type": null, "womi_id": "9013"}}, {"pk": 167, "model": "common.womi", "fields": {"title": "<unknown>", "womi_type": null, "womi_id": "9014"}}, {"pk": 168, "model": "common.womi", "fields": {"title": "<unknown>", "womi_type": null, "womi_id": "9015"}}, {"pk": 169, "model": "common.womi", "fields": {"title": "<unknown>", "womi_type": null, "womi_id": "9016"}}, {"pk": 170, "model": "common.womi", "fields": {"title": "<unknown>", "womi_type": null, "womi_id": "9515"}}, {"pk": 171, "model": "common.womi", "fields": {"title": "<unknown>", "womi_type": null, "womi_id": "9017"}}, {"pk": 172, "model": "common.womi", "fields": {"title": "<unknown>", "womi_type": null, "womi_id": "9018"}}, {"pk": 173, "model": "common.womi", "fields": {"title": "<unknown>", "womi_type": null, "womi_id": "10780"}}, {"pk": 174, "model": "common.womi", "fields": {"title": "<unknown>", "womi_type": null, "womi_id": "10765"}}, {"pk": 175, "model": "common.womi", "fields": {"title": "<unknown>", "womi_type": null, "womi_id": "9493"}}, {"pk": 176, "model": "common.womi", "fields": {"title": "<unknown>", "womi_type": null, "womi_id": "9494"}}, {"pk": 177, "model": "common.womi", "fields": {"title": "<unknown>", "womi_type": null, "womi_id": "9495"}}, {"pk": 178, "model": "common.womi", "fields": {"title": "<unknown>", "womi_type": null, "womi_id": "11190"}}, {"pk": 179, "model": "common.womi", "fields": {"title": "<unknown>", "womi_type": null, "womi_id": "11193"}}, {"pk": 180, "model": "common.womi", "fields": {"title": "<unknown>", "womi_type": null, "womi_id": "11197"}}, {"pk": 181, "model": "common.womi", "fields": {"title": "<unknown>", "womi_type": null, "womi_id": "11200"}}, {"pk": 1, "model": "common.womireference", "fields": {"module_occurrence": 4, "womi": 1, "section_id": null}}, {"pk": 2, "model": "common.womireference", "fields": {"module_occurrence": 4, "womi": 2, "section_id": null}}, {"pk": 3, "model": "common.womireference", "fields": {"module_occurrence": 4, "womi": 3, "section_id": null}}, {"pk": 4, "model": "common.womireference", "fields": {"module_occurrence": 4, "womi": 4, "section_id": null}}, {"pk": 5, "model": "common.womireference", "fields": {"module_occurrence": 5, "womi": 5, "section_id": null}}, {"pk": 6, "model": "common.womireference", "fields": {"module_occurrence": 5, "womi": 6, "section_id": null}}, {"pk": 7, "model": "common.womireference", "fields": {"module_occurrence": 5, "womi": 7, "section_id": null}}, {"pk": 8, "model": "common.womireference", "fields": {"module_occurrence": 5, "womi": 8, "section_id": null}}, {"pk": 9, "model": "common.womireference", "fields": {"module_occurrence": 6, "womi": 9, "section_id": null}}, {"pk": 10, "model": "common.womireference", "fields": {"module_occurrence": 6, "womi": 10, "section_id": null}}, {"pk": 11, "model": "common.womireference", "fields": {"module_occurrence": 6, "womi": 11, "section_id": null}}, {"pk": 12, "model": "common.womireference", "fields": {"module_occurrence": 6, "womi": 12, "section_id": null}}, {"pk": 13, "model": "common.womireference", "fields": {"module_occurrence": 6, "womi": 13, "section_id": null}}, {"pk": 14, "model": "common.womireference", "fields": {"module_occurrence": 6, "womi": 14, "section_id": null}}, {"pk": 15, "model": "common.womireference", "fields": {"module_occurrence": 6, "womi": 15, "section_id": null}}, {"pk": 16, "model": "common.womireference", "fields": {"module_occurrence": 6, "womi": 16, "section_id": null}}, {"pk": 17, "model": "common.womireference", "fields": {"module_occurrence": 7, "womi": 17, "section_id": null}}, {"pk": 18, "model": "common.womireference", "fields": {"module_occurrence": 7, "womi": 18, "section_id": null}}, {"pk": 19, "model": "common.womireference", "fields": {"module_occurrence": 7, "womi": 19, "section_id": null}}, {"pk": 20, "model": "common.womireference", "fields": {"module_occurrence": 8, "womi": 20, "section_id": null}}, {"pk": 21, "model": "common.womireference", "fields": {"module_occurrence": 10, "womi": 21, "section_id": null}}, {"pk": 22, "model": "common.womireference", "fields": {"module_occurrence": 10, "womi": 22, "section_id": null}}, {"pk": 23, "model": "common.womireference", "fields": {"module_occurrence": 11, "womi": 23, "section_id": null}}, {"pk": 24, "model": "common.womireference", "fields": {"module_occurrence": 11, "womi": 24, "section_id": null}}, {"pk": 25, "model": "common.womireference", "fields": {"module_occurrence": 12, "womi": 25, "section_id": null}}, {"pk": 26, "model": "common.womireference", "fields": {"module_occurrence": 12, "womi": 26, "section_id": null}}, {"pk": 27, "model": "common.womireference", "fields": {"module_occurrence": 12, "womi": 27, "section_id": null}}, {"pk": 28, "model": "common.womireference", "fields": {"module_occurrence": 12, "womi": 28, "section_id": null}}, {"pk": 29, "model": "common.womireference", "fields": {"module_occurrence": 12, "womi": 29, "section_id": null}}, {"pk": 30, "model": "common.womireference", "fields": {"module_occurrence": 12, "womi": 30, "section_id": null}}, {"pk": 31, "model": "common.womireference", "fields": {"module_occurrence": 12, "womi": 31, "section_id": null}}, {"pk": 32, "model": "common.womireference", "fields": {"module_occurrence": 12, "womi": 32, "section_id": null}}, {"pk": 33, "model": "common.womireference", "fields": {"module_occurrence": 12, "womi": 33, "section_id": null}}, {"pk": 34, "model": "common.womireference", "fields": {"module_occurrence": 12, "womi": 34, "section_id": null}}, {"pk": 35, "model": "common.womireference", "fields": {"module_occurrence": 13, "womi": 35, "section_id": null}}, {"pk": 36, "model": "common.womireference", "fields": {"module_occurrence": 13, "womi": 36, "section_id": null}}, {"pk": 37, "model": "common.womireference", "fields": {"module_occurrence": 13, "womi": 37, "section_id": null}}, {"pk": 38, "model": "common.womireference", "fields": {"module_occurrence": 13, "womi": 38, "section_id": null}}, {"pk": 39, "model": "common.womireference", "fields": {"module_occurrence": 13, "womi": 39, "section_id": null}}, {"pk": 40, "model": "common.womireference", "fields": {"module_occurrence": 14, "womi": 40, "section_id": null}}, {"pk": 41, "model": "common.womireference", "fields": {"module_occurrence": 14, "womi": 41, "section_id": null}}, {"pk": 42, "model": "common.womireference", "fields": {"module_occurrence": 14, "womi": 42, "section_id": null}}, {"pk": 43, "model": "common.womireference", "fields": {"module_occurrence": 14, "womi": 43, "section_id": null}}, {"pk": 44, "model": "common.womireference", "fields": {"module_occurrence": 14, "womi": 44, "section_id": null}}, {"pk": 45, "model": "common.womireference", "fields": {"module_occurrence": 14, "womi": 45, "section_id": null}}, {"pk": 46, "model": "common.womireference", "fields": {"module_occurrence": 14, "womi": 46, "section_id": null}}, {"pk": 47, "model": "common.womireference", "fields": {"module_occurrence": 14, "womi": 47, "section_id": null}}, {"pk": 48, "model": "common.womireference", "fields": {"module_occurrence": 14, "womi": 48, "section_id": null}}, {"pk": 49, "model": "common.womireference", "fields": {"module_occurrence": 14, "womi": 49, "section_id": null}}, {"pk": 50, "model": "common.womireference", "fields": {"module_occurrence": 14, "womi": 50, "section_id": null}}, {"pk": 51, "model": "common.womireference", "fields": {"module_occurrence": 14, "womi": 51, "section_id": null}}, {"pk": 52, "model": "common.womireference", "fields": {"module_occurrence": 15, "womi": 52, "section_id": null}}, {"pk": 53, "model": "common.womireference", "fields": {"module_occurrence": 15, "womi": 53, "section_id": null}}, {"pk": 54, "model": "common.womireference", "fields": {"module_occurrence": 15, "womi": 54, "section_id": null}}, {"pk": 55, "model": "common.womireference", "fields": {"module_occurrence": 15, "womi": 55, "section_id": null}}, {"pk": 56, "model": "common.womireference", "fields": {"module_occurrence": 15, "womi": 56, "section_id": null}}, {"pk": 57, "model": "common.womireference", "fields": {"module_occurrence": 15, "womi": 57, "section_id": null}}, {"pk": 58, "model": "common.womireference", "fields": {"module_occurrence": 15, "womi": 58, "section_id": null}}, {"pk": 59, "model": "common.womireference", "fields": {"module_occurrence": 19, "womi": 59, "section_id": null}}, {"pk": 60, "model": "common.womireference", "fields": {"module_occurrence": 19, "womi": 60, "section_id": null}}, {"pk": 61, "model": "common.womireference", "fields": {"module_occurrence": 19, "womi": 61, "section_id": null}}, {"pk": 62, "model": "common.womireference", "fields": {"module_occurrence": 19, "womi": 62, "section_id": null}}, {"pk": 63, "model": "common.womireference", "fields": {"module_occurrence": 20, "womi": 63, "section_id": null}}, {"pk": 64, "model": "common.womireference", "fields": {"module_occurrence": 20, "womi": 64, "section_id": null}}, {"pk": 65, "model": "common.womireference", "fields": {"module_occurrence": 20, "womi": 65, "section_id": null}}, {"pk": 66, "model": "common.womireference", "fields": {"module_occurrence": 20, "womi": 66, "section_id": null}}, {"pk": 67, "model": "common.womireference", "fields": {"module_occurrence": 20, "womi": 67, "section_id": null}}, {"pk": 68, "model": "common.womireference", "fields": {"module_occurrence": 20, "womi": 68, "section_id": null}}, {"pk": 69, "model": "common.womireference", "fields": {"module_occurrence": 20, "womi": 69, "section_id": null}}, {"pk": 70, "model": "common.womireference", "fields": {"module_occurrence": 20, "womi": 70, "section_id": null}}, {"pk": 71, "model": "common.womireference", "fields": {"module_occurrence": 20, "womi": 71, "section_id": null}}, {"pk": 72, "model": "common.womireference", "fields": {"module_occurrence": 20, "womi": 72, "section_id": null}}, {"pk": 73, "model": "common.womireference", "fields": {"module_occurrence": 20, "womi": 73, "section_id": null}}, {"pk": 74, "model": "common.womireference", "fields": {"module_occurrence": 20, "womi": 74, "section_id": null}}, {"pk": 75, "model": "common.womireference", "fields": {"module_occurrence": 22, "womi": 75, "section_id": null}}, {"pk": 76, "model": "common.womireference", "fields": {"module_occurrence": 22, "womi": 76, "section_id": null}}, {"pk": 77, "model": "common.womireference", "fields": {"module_occurrence": 22, "womi": 77, "section_id": null}}, {"pk": 78, "model": "common.womireference", "fields": {"module_occurrence": 22, "womi": 78, "section_id": null}}, {"pk": 79, "model": "common.womireference", "fields": {"module_occurrence": 22, "womi": 79, "section_id": null}}, {"pk": 80, "model": "common.womireference", "fields": {"module_occurrence": 22, "womi": 80, "section_id": null}}, {"pk": 81, "model": "common.womireference", "fields": {"module_occurrence": 22, "womi": 81, "section_id": null}}, {"pk": 82, "model": "common.womireference", "fields": {"module_occurrence": 22, "womi": 82, "section_id": null}}, {"pk": 83, "model": "common.womireference", "fields": {"module_occurrence": 22, "womi": 83, "section_id": null}}, {"pk": 84, "model": "common.womireference", "fields": {"module_occurrence": 22, "womi": 84, "section_id": null}}, {"pk": 85, "model": "common.womireference", "fields": {"module_occurrence": 22, "womi": 85, "section_id": null}}, {"pk": 86, "model": "common.womireference", "fields": {"module_occurrence": 25, "womi": 86, "section_id": null}}, {"pk": 87, "model": "common.womireference", "fields": {"module_occurrence": 25, "womi": 87, "section_id": null}}, {"pk": 88, "model": "common.womireference", "fields": {"module_occurrence": 25, "womi": 88, "section_id": null}}, {"pk": 89, "model": "common.womireference", "fields": {"module_occurrence": 25, "womi": 89, "section_id": null}}, {"pk": 90, "model": "common.womireference", "fields": {"module_occurrence": 25, "womi": 90, "section_id": null}}, {"pk": 91, "model": "common.womireference", "fields": {"module_occurrence": 25, "womi": 91, "section_id": null}}, {"pk": 92, "model": "common.womireference", "fields": {"module_occurrence": 25, "womi": 92, "section_id": null}}, {"pk": 93, "model": "common.womireference", "fields": {"module_occurrence": 25, "womi": 93, "section_id": null}}, {"pk": 94, "model": "common.womireference", "fields": {"module_occurrence": 26, "womi": 94, "section_id": null}}, {"pk": 95, "model": "common.womireference", "fields": {"module_occurrence": 26, "womi": 95, "section_id": null}}, {"pk": 96, "model": "common.womireference", "fields": {"module_occurrence": 26, "womi": 96, "section_id": null}}, {"pk": 97, "model": "common.womireference", "fields": {"module_occurrence": 26, "womi": 97, "section_id": null}}, {"pk": 98, "model": "common.womireference", "fields": {"module_occurrence": 26, "womi": 98, "section_id": null}}, {"pk": 99, "model": "common.womireference", "fields": {"module_occurrence": 26, "womi": 99, "section_id": null}}, {"pk": 100, "model": "common.womireference", "fields": {"module_occurrence": 26, "womi": 100, "section_id": null}}, {"pk": 101, "model": "common.womireference", "fields": {"module_occurrence": 31, "womi": 101, "section_id": null}}, {"pk": 102, "model": "common.womireference", "fields": {"module_occurrence": 31, "womi": 102, "section_id": null}}, {"pk": 103, "model": "common.womireference", "fields": {"module_occurrence": 31, "womi": 103, "section_id": null}}, {"pk": 104, "model": "common.womireference", "fields": {"module_occurrence": 31, "womi": 104, "section_id": null}}, {"pk": 105, "model": "common.womireference", "fields": {"module_occurrence": 31, "womi": 105, "section_id": null}}, {"pk": 106, "model": "common.womireference", "fields": {"module_occurrence": 31, "womi": 106, "section_id": null}}, {"pk": 107, "model": "common.womireference", "fields": {"module_occurrence": 31, "womi": 107, "section_id": null}}, {"pk": 108, "model": "common.womireference", "fields": {"module_occurrence": 32, "womi": 108, "section_id": null}}, {"pk": 109, "model": "common.womireference", "fields": {"module_occurrence": 32, "womi": 109, "section_id": null}}, {"pk": 110, "model": "common.womireference", "fields": {"module_occurrence": 32, "womi": 110, "section_id": null}}, {"pk": 111, "model": "common.womireference", "fields": {"module_occurrence": 33, "womi": 111, "section_id": null}}, {"pk": 112, "model": "common.womireference", "fields": {"module_occurrence": 33, "womi": 112, "section_id": null}}, {"pk": 113, "model": "common.womireference", "fields": {"module_occurrence": 33, "womi": 113, "section_id": null}}, {"pk": 114, "model": "common.womireference", "fields": {"module_occurrence": 33, "womi": 114, "section_id": null}}, {"pk": 115, "model": "common.womireference", "fields": {"module_occurrence": 33, "womi": 115, "section_id": null}}, {"pk": 116, "model": "common.womireference", "fields": {"module_occurrence": 33, "womi": 116, "section_id": null}}, {"pk": 117, "model": "common.womireference", "fields": {"module_occurrence": 33, "womi": 117, "section_id": null}}, {"pk": 118, "model": "common.womireference", "fields": {"module_occurrence": 33, "womi": 118, "section_id": null}}, {"pk": 119, "model": "common.womireference", "fields": {"module_occurrence": 35, "womi": 119, "section_id": null}}, {"pk": 120, "model": "common.womireference", "fields": {"module_occurrence": 41, "womi": 120, "section_id": null}}, {"pk": 121, "model": "common.womireference", "fields": {"module_occurrence": 41, "womi": 121, "section_id": null}}, {"pk": 122, "model": "common.womireference", "fields": {"module_occurrence": 41, "womi": 9, "section_id": null}}, {"pk": 123, "model": "common.womireference", "fields": {"module_occurrence": 41, "womi": 10, "section_id": null}}, {"pk": 124, "model": "common.womireference", "fields": {"module_occurrence": 41, "womi": 11, "section_id": null}}, {"pk": 125, "model": "common.womireference", "fields": {"module_occurrence": 41, "womi": 13, "section_id": null}}, {"pk": 126, "model": "common.womireference", "fields": {"module_occurrence": 41, "womi": 14, "section_id": null}}, {"pk": 127, "model": "common.womireference", "fields": {"module_occurrence": 44, "womi": 122, "section_id": null}}, {"pk": 128, "model": "common.womireference", "fields": {"module_occurrence": 44, "womi": 123, "section_id": null}}, {"pk": 129, "model": "common.womireference", "fields": {"module_occurrence": 44, "womi": 124, "section_id": null}}, {"pk": 130, "model": "common.womireference", "fields": {"module_occurrence": 44, "womi": 125, "section_id": null}}, {"pk": 131, "model": "common.womireference", "fields": {"module_occurrence": 45, "womi": 126, "section_id": null}}, {"pk": 132, "model": "common.womireference", "fields": {"module_occurrence": 45, "womi": 127, "section_id": null}}, {"pk": 133, "model": "common.womireference", "fields": {"module_occurrence": 45, "womi": 128, "section_id": null}}, {"pk": 134, "model": "common.womireference", "fields": {"module_occurrence": 46, "womi": 129, "section_id": null}}, {"pk": 135, "model": "common.womireference", "fields": {"module_occurrence": 47, "womi": 130, "section_id": null}}, {"pk": 136, "model": "common.womireference", "fields": {"module_occurrence": 47, "womi": 131, "section_id": null}}, {"pk": 137, "model": "common.womireference", "fields": {"module_occurrence": 48, "womi": 132, "section_id": null}}, {"pk": 138, "model": "common.womireference", "fields": {"module_occurrence": 48, "womi": 133, "section_id": null}}, {"pk": 139, "model": "common.womireference", "fields": {"module_occurrence": 51, "womi": 134, "section_id": null}}, {"pk": 140, "model": "common.womireference", "fields": {"module_occurrence": 51, "womi": 135, "section_id": null}}, {"pk": 141, "model": "common.womireference", "fields": {"module_occurrence": 51, "womi": 136, "section_id": null}}, {"pk": 142, "model": "common.womireference", "fields": {"module_occurrence": 51, "womi": 137, "section_id": null}}, {"pk": 143, "model": "common.womireference", "fields": {"module_occurrence": 51, "womi": 138, "section_id": null}}, {"pk": 144, "model": "common.womireference", "fields": {"module_occurrence": 51, "womi": 139, "section_id": null}}, {"pk": 145, "model": "common.womireference", "fields": {"module_occurrence": 51, "womi": 140, "section_id": null}}, {"pk": 146, "model": "common.womireference", "fields": {"module_occurrence": 51, "womi": 141, "section_id": null}}, {"pk": 147, "model": "common.womireference", "fields": {"module_occurrence": 52, "womi": 142, "section_id": null}}, {"pk": 148, "model": "common.womireference", "fields": {"module_occurrence": 52, "womi": 143, "section_id": null}}, {"pk": 149, "model": "common.womireference", "fields": {"module_occurrence": 52, "womi": 144, "section_id": null}}, {"pk": 150, "model": "common.womireference", "fields": {"module_occurrence": 52, "womi": 145, "section_id": null}}, {"pk": 151, "model": "common.womireference", "fields": {"module_occurrence": 52, "womi": 146, "section_id": null}}, {"pk": 152, "model": "common.womireference", "fields": {"module_occurrence": 53, "womi": 147, "section_id": null}}, {"pk": 153, "model": "common.womireference", "fields": {"module_occurrence": 53, "womi": 148, "section_id": null}}, {"pk": 154, "model": "common.womireference", "fields": {"module_occurrence": 56, "womi": 149, "section_id": null}}, {"pk": 155, "model": "common.womireference", "fields": {"module_occurrence": 56, "womi": 150, "section_id": null}}, {"pk": 156, "model": "common.womireference", "fields": {"module_occurrence": 56, "womi": 151, "section_id": null}}, {"pk": 157, "model": "common.womireference", "fields": {"module_occurrence": 56, "womi": 152, "section_id": null}}, {"pk": 158, "model": "common.womireference", "fields": {"module_occurrence": 56, "womi": 153, "section_id": null}}, {"pk": 159, "model": "common.womireference", "fields": {"module_occurrence": 56, "womi": 154, "section_id": null}}, {"pk": 160, "model": "common.womireference", "fields": {"module_occurrence": 56, "womi": 155, "section_id": null}}, {"pk": 161, "model": "common.womireference", "fields": {"module_occurrence": 56, "womi": 156, "section_id": null}}, {"pk": 162, "model": "common.womireference", "fields": {"module_occurrence": 56, "womi": 157, "section_id": null}}, {"pk": 163, "model": "common.womireference", "fields": {"module_occurrence": 56, "womi": 158, "section_id": null}}, {"pk": 164, "model": "common.womireference", "fields": {"module_occurrence": 56, "womi": 159, "section_id": null}}, {"pk": 165, "model": "common.womireference", "fields": {"module_occurrence": 56, "womi": 160, "section_id": null}}, {"pk": 166, "model": "common.womireference", "fields": {"module_occurrence": 56, "womi": 161, "section_id": null}}, {"pk": 167, "model": "common.womireference", "fields": {"module_occurrence": 56, "womi": 162, "section_id": null}}, {"pk": 168, "model": "common.womireference", "fields": {"module_occurrence": 56, "womi": 163, "section_id": null}}, {"pk": 169, "model": "common.womireference", "fields": {"module_occurrence": 56, "womi": 164, "section_id": null}}, {"pk": 170, "model": "common.womireference", "fields": {"module_occurrence": 56, "womi": 165, "section_id": null}}, {"pk": 171, "model": "common.womireference", "fields": {"module_occurrence": 56, "womi": 166, "section_id": null}}, {"pk": 172, "model": "common.womireference", "fields": {"module_occurrence": 56, "womi": 167, "section_id": null}}, {"pk": 173, "model": "common.womireference", "fields": {"module_occurrence": 56, "womi": 168, "section_id": null}}, {"pk": 174, "model": "common.womireference", "fields": {"module_occurrence": 56, "womi": 169, "section_id": null}}, {"pk": 175, "model": "common.womireference", "fields": {"module_occurrence": 56, "womi": 170, "section_id": null}}, {"pk": 176, "model": "common.womireference", "fields": {"module_occurrence": 56, "womi": 171, "section_id": null}}, {"pk": 177, "model": "common.womireference", "fields": {"module_occurrence": 56, "womi": 172, "section_id": null}}, {"pk": 178, "model": "common.womireference", "fields": {"module_occurrence": 56, "womi": 173, "section_id": null}}, {"pk": 179, "model": "common.womireference", "fields": {"module_occurrence": 56, "womi": 174, "section_id": null}}, {"pk": 180, "model": "common.womireference", "fields": {"module_occurrence": 56, "womi": 175, "section_id": null}}, {"pk": 181, "model": "common.womireference", "fields": {"module_occurrence": 56, "womi": 176, "section_id": null}}, {"pk": 182, "model": "common.womireference", "fields": {"module_occurrence": 56, "womi": 177, "section_id": null}}, {"pk": 183, "model": "common.womireference", "fields": {"module_occurrence": 56, "womi": 178, "section_id": null}}, {"pk": 184, "model": "common.womireference", "fields": {"module_occurrence": 56, "womi": 179, "section_id": null}}, {"pk": 185, "model": "common.womireference", "fields": {"module_occurrence": 56, "womi": 180, "section_id": null}}, {"pk": 186, "model": "common.womireference", "fields": {"module_occurrence": 56, "womi": 181, "section_id": null}}]