{
	"config": {
		"id": "ID709",
		"type": "UT-2",
        "randomize": true
	},
	"description": {
		"title": "Zadanie z wybieraniem [UT-2].",
		"author": "PCSS",
		"content": "Wybierz z listy.",
		"wrongFeedback": "Niestety, nie udało Ci się poprawnie wykonać zadania. Czy chcesz zobaczyć podpowiedź?",
		"correctFeedback": "Dobrze! To jest poprawna odpowiedź.",
		"hint": "Treść podpowiedzi."
	},
	"body": [
		{
			"id": "q1",
			"preInputText": "Czwartego Lipca, w ",
			"postInputText": "",
			"answersId": ["a1", "a2", "a3"],
			"inputAlt": "",
			"placeholder": "Kraj",
			"lineBreak": false
		},
		{	
			"id": "q2",
			"preInputText": "ludzie obchodzą Dzień",
			"postInputText": "od 1777r.",
			"answersId": ["a4", "a5", "a6"],
			"inputAlt": "",
			"placeholder": "",
			"lineBreak": false
		}
	],
	"answers": [
		{
			"id": "a1",
			"content": "USA",
			"correct": true
		},
		{
			"id": "a2",
			"content": "Kanadzie",
			"correct": false
		},
		{
			"id": "a3",
			"content": "Polsce",
			"correct": false
		},
		{
			"id": "a4",
			"content": "Pracy",
			"correct": false 
		},
		{
			"id": "a5",
			"content": "Świętego Patryka",
			"correct": false
		},
		{
			"id": "a6",
			"content": "Niepodległości",
			"correct": true
		}
    
	]
}
