{
	"config": {
		"id": "ID000001",
		"type": "DGT-1",
        "randomize": true
	},
	"description": {
		"title": "Zadanie Drag & Drop tabela [DGT-1].",
		"author": "PCSS",
		"content": "Przeciagnij pasujące elementy z dolnej sekcji do górnej.",
		"wrongFeedback": "Niestety, nie udało Ci się poprawnie wykonać zadania. Czy chcesz zobaczyć podpowiedź?",
		"correctFeedback": "Dobrze! To jest poprawna odpowiedź.",
		"hint": "Treść podpowiedzi."
	},
	"droppable": [
		{
			"id": "drp1",
			"content": "Ssaki",
			"correctDrg": ["drg1", "drg2", "drg3", "drg4"]
		},
		{
			"id": "drp2",
			"content": "Gady",
			"correctDrg": ["drg5", "drg6", "drg7", "drg8"]
		}
	],
	"draggable": [
		{
			"id": "drg7",
			"content": "<img/> <br/>Żólw",
            "images": ["img/zolw.jpg"]            
		},
		{
			"id": "drg3",
			"content": "<img/> <br/>Jeleń",
            "images": ["img/jelen.jpg"]
		},
		{
			"id": "drg4",
			"content": "<img/> <br/>Zając",
            "images": ["img/zajac.jpg"]            
		},
		{
			"id": "drg5",
			"content": "<img/> <br/>Jaszczurka",
            "images": ["img/jaszczurka.jpg"]            
		},
		{
			"id": "drg2",
			"content": "<img/> <br/>Krowa",
            "images": ["img/krowa.jpg"]
		},
		{
			"id": "drg6",
			"content": "<img/> <br/>Wąż",
            "images": ["img/waz.jpg"]            
		},
		{
			"id": "drg1",
			"content": "<img/> <br/>Pies",
            "images": ["img/dog.jpg"]
		},
		{
			"id": "drg8",
			"content": "<img/> <br/>Krokodyl",
            "images": ["img/krokodyl.jpg"]            
		}
	]
}
