{
	"config": {
		"id": "ID002",
		"type": "DGS-1"
	},
	"description": {
		"title": "Zadanie Drag & Drop sortowanie [DGS-1].",
		"author": "PCSS",
		"content": "Posortuj elementy wg rosnącej kolejności.",
		"wrongFeedback": "Niestety, nie udało Ci się poprawnie wykonać zadania. Czy chcesz zobaczyć podpowiedź?",
		"correctFeedback": "Dobrze! To jest poprawna odpowiedź.",
		"hint": "Treść podpowiedzi."
	},
	"sortable": [
		{
			"id": "drp1",
			"content": "<math xmlns='http://www.w3.org/1998/Math/MathML' display='block'><msup><mn>4</mn><mn>16</mn></msup></math>"
		},
		{
			"id": "drp2",
			"content": "<math xmlns='http://www.w3.org/1998/Math/MathML' display='block'><msup><mn>2</mn><mi>11</mi></msup></math>"
		},
        {
			"id": "drp3",
			"content": "<math xmlns='http://www.w3.org/1998/Math/MathML' display='block'><msup><mi>4</mi><mi>-5</mi></msup></math>"
		}
	],
    "correctOrder": ["drp3", "drp2", "drp1"]
}


